Datum,baseline,regime,social,confidence,all,BuyHold
2026-07-23,9941.51,9959.16,9940.92,9960.33,10000.01,10000.00
2026-07-24,10102.91,9798.05,10094.09,10121.25,9800.49,9876.51
2026-07-27,9334.52,9259.80,9338.94,9358.11,9236.35,9860.32
2026-07-28,9021.11,8989.63,9055.19,9035.46,8982.65,9888.68
2026-07-29,9009.79,9031.39,9022.46,9055.62,9038.90,9834.09
2026-07-30,8974.57,8907.17,9012.68,9002.43,8908.06,9759.84
2026-07-31,8748.25,8891.97,8785.12,8771.16,8891.80,9929.89
2026-08-03,8945.16,8966.34,8988.57,8969.18,8967.57,10109.04
2026-08-04,9188.32,9052.07,9271.84,9198.06,9051.54,10266.72
