Zeitstempel,Datum,Asset,Score,Sentiment,Social,ST_Posts,Mom5,Mom20,Mom60,Vol20,Regime,RegimeRatio,Mark,ImZiel
2026-07-23 11:04 ET,2026-07-23,MRNA,-2,-1,1,17,-12.97,-1.65,0.00,5.46,1,0.0032,57.47,0
2026-07-23 11:04 ET,2026-07-23,ABT,4,0,2,10,12.66,11.93,0.00,2.96,1,0.0032,101.43,1
2026-07-23 11:04 ET,2026-07-23,ISRG,0,0,2,9,-12.41,-15.22,0.00,4.12,1,0.0032,329.86,0
2026-07-23 11:04 ET,2026-07-23,TRV,5,3,0,0,12.16,15.11,0.00,2.43,1,0.0032,377.79,1
2026-07-23 11:04 ET,2026-07-23,GLW,-1,1,0,20,-11.67,-25.15,0.00,6.95,1,0.0032,156.81,0
2026-07-23 11:04 ET,2026-07-23,CVNA,-4,0,-2,17,-11.11,-7.60,0.00,3.51,1,0.0032,60.90,1
2026-07-23 11:04 ET,2026-07-23,DHR,0,0,2,8,-10.78,-4.95,0.00,2.96,1,0.0032,188.65,0
2026-07-23 11:04 ET,2026-07-23,HAS,2,0,0,0,10.59,6.92,0.00,2.54,1,0.0032,87.18,0
2026-07-23 11:04 ET,2026-07-23,LITE,5,3,2,8,10.33,-1.52,0.00,5.63,1,0.0032,844.13,1
2026-07-23 11:04 ET,2026-07-23,MSCI,-2,1,-1,2,-9.87,-2.93,0.00,3.21,1,0.0032,560.28,0
2026-07-23 11:04 ET,2026-07-23,EQT,4,0,2,11,9.66,4.91,0.00,2.36,1,0.0032,54.28,1
2026-07-23 11:04 ET,2026-07-23,TER,3,0,1,2,9.66,-12.18,0.00,6.90,1,0.0032,370.43,1
2026-07-23 11:04 ET,2026-07-23,HOOD,1,3,2,12,-9.57,7.50,0.00,4.32,1,0.0032,100.71,0
2026-07-23 11:04 ET,2026-07-23,CDNS,-3,-1,0,0,-9.28,-9.50,0.00,2.74,1,0.0032,334.61,1
2026-07-23 11:04 ET,2026-07-23,SWKS,2,-1,1,2,9.25,-12.00,0.00,2.53,1,0.0032,60.92,0
2026-07-23 11:04 ET,2026-07-23,AXON,-3,0,-1,5,-9.17,7.61,0.00,4.68,1,0.0032,490.12,1
2026-07-23 11:04 ET,2026-07-23,APP,0,0,2,7,-8.89,-11.29,0.00,4.89,1,0.0032,398.83,0
2026-07-23 11:04 ET,2026-07-23,CRWD,1,2,1,7,-8.87,11.98,0.00,3.88,1,0.0032,182.66,0
2026-07-23 11:04 ET,2026-07-23,SNPS,-3,-1,0,0,-8.64,-16.25,0.00,2.32,1,0.0032,373.73,1
2026-07-23 11:04 ET,2026-07-23,CF,3,1,0,1,8.09,23.53,0.00,1.72,1,0.0032,128.43,1
2026-07-23 11:04 ET,2026-07-23,STX,3,2,-1,11,8.07,-9.88,0.00,6.39,1,0.0032,920.60,1
2026-07-23 11:04 ET,2026-07-23,PSX,2,0,0,0,7.92,25.54,0.00,2.06,1,0.0032,213.26,0
2026-07-23 11:04 ET,2026-07-23,PSKY,-2,-2,2,29,-7.78,-12.51,0.00,2.38,1,0.0032,8.60,0
2026-07-23 11:04 ET,2026-07-23,GOOGL,-1,-1,2,10,-7.77,-0.93,0.00,2.07,1,0.0032,316.43,0
2026-07-23 11:04 ET,2026-07-23,GLD,0,0,0,0,0.00,0.00,0.00,0.00,1,0.0032,372.12,0
2026-07-23 11:04 ET,2026-07-23,USO,0,0,0,0,0.00,0.00,0.00,0.00,1,0.0032,139.99,0
2026-07-23 11:04 ET,2026-07-23,QQQ,0,0,0,0,0.00,0.00,0.00,0.00,1,0.0032,691.11,0
2026-07-23 13:14 ET,2026-07-23,MRNA,-1,0,1,17,-14.95,-3.89,0.00,5.49,1,0.0032,57.28,0
2026-07-23 13:14 ET,2026-07-23,SMCI,3,-1,2,18,13.65,-5.82,0.00,6.20,1,0.0032,32.21,1
2026-07-23 13:14 ET,2026-07-23,TRV,4,2,0,0,13.03,16.01,0.00,2.43,1,0.0032,377.36,1
2026-07-23 13:14 ET,2026-07-23,ABT,4,0,2,10,12.66,11.93,0.00,2.96,1,0.0032,100.31,1
2026-07-23 13:14 ET,2026-07-23,ISRG,-1,-1,2,9,-12.41,-15.22,0.00,4.12,1,0.0032,333.43,0
2026-07-23 13:14 ET,2026-07-23,GLW,0,1,1,21,-11.67,-25.15,0.00,6.95,1,0.0032,158.00,0
2026-07-23 13:14 ET,2026-07-23,WAB,2,-1,1,2,11.66,6.43,0.00,2.82,1,0.0032,297.03,0
2026-07-23 13:14 ET,2026-07-23,SNPS,-3,-1,0,0,-11.21,-18.61,0.00,2.37,1,0.0032,374.00,1
2026-07-23 13:14 ET,2026-07-23,CVNA,-4,0,-2,13,-11.11,-7.60,0.00,3.51,1,0.0032,60.65,1
2026-07-23 13:14 ET,2026-07-23,DHR,0,0,2,8,-10.78,-4.95,0.00,2.96,1,0.0032,190.38,0
2026-07-23 13:14 ET,2026-07-23,HAS,2,0,0,1,10.59,6.92,0.00,2.54,1,0.0032,87.04,0
2026-07-23 13:14 ET,2026-07-23,LITE,5,3,2,7,10.33,-1.52,0.00,5.63,1,0.0032,847.10,1
2026-07-23 13:14 ET,2026-07-23,SWKS,2,0,0,1,9.82,-11.54,0.00,2.56,1,0.0032,60.26,0
2026-07-23 13:14 ET,2026-07-23,EQT,5,1,2,11,9.66,4.91,0.00,2.36,1,0.0032,53.64,1
2026-07-23 13:14 ET,2026-07-23,STX,3,2,-1,15,9.63,-8.57,0.00,6.37,1,0.0032,924.72,1
2026-07-23 13:14 ET,2026-07-23,HOOD,1,3,0,7,-9.57,7.50,0.00,4.32,1,0.0032,102.79,0
2026-07-23 13:14 ET,2026-07-23,CDNS,-3,-1,0,0,-9.28,-9.50,0.00,2.74,1,0.0032,333.51,1
2026-07-23 13:14 ET,2026-07-23,TTD,-1,0,1,12,-9.24,-0.68,0.00,2.86,1,0.0032,16.99,0
2026-07-23 13:14 ET,2026-07-23,AXON,-3,0,-1,5,-9.17,7.61,0.00,4.68,1,0.0032,493.22,1
2026-07-23 13:14 ET,2026-07-23,APP,0,0,2,6,-8.89,-11.29,0.00,4.89,1,0.0032,400.04,0
2026-07-23 13:14 ET,2026-07-23,CRWD,1,3,1,6,-8.87,11.98,0.00,3.88,1,0.0032,183.83,0
2026-07-23 13:14 ET,2026-07-23,NOW,1,2,2,12,-8.85,1.77,0.00,3.82,1,0.0032,94.51,0
2026-07-23 13:14 ET,2026-07-23,PTC,-4,-2,0,1,-8.49,0.16,0.00,2.65,1,0.0032,112.99,1
2026-07-23 13:14 ET,2026-07-23,WDC,2,-1,1,13,8.34,-13.54,0.00,7.12,1,0.0032,566.25,0
2026-07-23 13:14 ET,2026-07-23,CF,3,1,0,1,8.09,23.53,0.00,1.72,1,0.0032,125.95,1
2026-07-23 13:14 ET,2026-07-23,TER,3,0,1,3,7.99,-13.52,0.00,6.87,1,0.0032,374.05,1
2026-07-23 15:06 ET,2026-07-23,MRNA,-1,0,1,18,-14.95,-3.89,0.00,5.49,1,0.0032,56.82,0
2026-07-23 15:06 ET,2026-07-23,SMCI,3,-1,2,13,13.65,-5.82,0.00,6.20,1,0.0032,30.92,1
2026-07-23 15:06 ET,2026-07-23,TRV,3,1,0,0,13.03,16.01,0.00,2.43,1,0.0032,377.08,1
2026-07-23 15:06 ET,2026-07-23,ABT,4,0,2,9,12.66,11.93,0.00,2.96,1,0.0032,100.89,1
2026-07-23 15:06 ET,2026-07-23,ISRG,-1,-1,2,11,-12.41,-15.22,0.00,4.12,1,0.0032,331.70,0
2026-07-23 15:06 ET,2026-07-23,GLW,1,2,2,21,-11.67,-25.15,0.00,6.95,1,0.0032,156.49,0
2026-07-23 15:06 ET,2026-07-23,WAB,3,0,1,2,11.66,6.43,0.00,2.82,1,0.0032,295.58,1
2026-07-23 15:06 ET,2026-07-23,SNPS,-3,-1,0,0,-11.21,-18.61,0.00,2.37,1,0.0032,372.25,1
2026-07-23 15:06 ET,2026-07-23,CVNA,-4,0,-2,13,-11.11,-7.60,0.00,3.51,1,0.0032,59.81,1
2026-07-23 15:06 ET,2026-07-23,DHR,0,0,2,9,-10.78,-4.95,0.00,2.96,1,0.0032,191.05,0
2026-07-23 15:06 ET,2026-07-23,HAS,2,0,0,1,10.59,6.92,0.00,2.54,1,0.0032,86.92,0
2026-07-23 15:06 ET,2026-07-23,LITE,5,3,2,8,10.33,-1.52,0.00,5.63,1,0.0032,835.17,1
2026-07-23 15:06 ET,2026-07-23,SWKS,2,0,0,1,9.82,-11.54,0.00,2.56,1,0.0032,59.88,0
2026-07-23 15:06 ET,2026-07-23,EQT,5,1,2,11,9.66,4.91,0.00,2.36,1,0.0032,53.56,1
2026-07-23 15:06 ET,2026-07-23,STX,3,2,-1,16,9.63,-8.57,0.00,6.37,1,0.0032,919.45,1
2026-07-23 15:06 ET,2026-07-23,HOOD,0,3,-1,12,-9.57,7.50,0.00,4.32,1,0.0032,101.99,0
2026-07-23 15:06 ET,2026-07-23,CDNS,-3,-1,0,0,-9.28,-9.50,0.00,2.74,1,0.0032,331.54,1
2026-07-23 15:06 ET,2026-07-23,TTD,-2,0,0,7,-9.24,-0.68,0.00,2.86,1,0.0032,16.92,0
2026-07-23 15:06 ET,2026-07-23,AXON,-3,0,-1,5,-9.17,7.61,0.00,4.68,1,0.0032,489.59,1
2026-07-23 15:06 ET,2026-07-23,APP,-1,0,1,7,-8.89,-11.29,0.00,4.89,1,0.0032,396.97,0
2026-07-23 15:06 ET,2026-07-23,CRWD,1,3,1,4,-8.87,11.98,0.00,3.88,1,0.0032,182.55,0
2026-07-23 15:06 ET,2026-07-23,NOW,1,2,1,11,-8.85,1.77,0.00,3.82,1,0.0032,92.71,0
2026-07-23 15:06 ET,2026-07-23,PTC,-4,-2,0,1,-8.49,0.16,0.00,2.65,1,0.0032,113.18,1
2026-07-23 15:06 ET,2026-07-23,WDC,2,-1,1,13,8.34,-13.54,0.00,7.12,1,0.0032,561.25,0
2026-07-23 15:06 ET,2026-07-23,TER,3,0,1,2,7.99,-13.52,0.00,6.87,1,0.0032,368.59,1
2026-07-23 15:06 ET,2026-07-23,CF,3,1,0,1,8.09,23.53,0.00,1.72,1,0.0032,126.26,1
2026-07-24 10:50 ET,2026-07-24,SMCI,3,0,1,11,26.42,-1.52,0.00,6.19,-1,-0.0088,29.88,1
2026-07-24 10:50 ET,2026-07-24,STX,0,0,-2,18,22.52,-10.92,0.00,6.32,-1,-0.0088,876.59,0
2026-07-24 10:50 ET,2026-07-24,WDC,2,-1,1,12,19.60,-17.34,0.00,7.01,-1,-0.0088,527.20,0
2026-07-24 10:50 ET,2026-07-24,TSLA,-4,-2,0,12,-18.25,-14.78,0.00,4.85,-1,-0.0088,312.75,1
2026-07-24 10:50 ET,2026-07-24,LITE,5,3,2,10,18.04,-3.29,0.00,5.60,-1,-0.0088,774.60,1
2026-07-24 10:50 ET,2026-07-24,ISRG,-3,-2,1,6,-17.48,-16.93,0.00,4.14,-1,-0.0088,338.60,1
2026-07-24 10:50 ET,2026-07-24,MU,5,1,2,23,16.06,-18.39,0.00,5.24,-1,-0.0088,923.86,1
2026-07-24 10:50 ET,2026-07-24,TER,2,0,0,1,15.96,-20.81,0.00,6.39,-1,-0.0088,357.77,0
2026-07-24 10:50 ET,2026-07-24,CVNA,-3,1,-2,21,-14.82,-9.08,0.00,3.58,-1,-0.0088,59.64,1
2026-07-24 10:50 ET,2026-07-24,SNDK,4,0,2,15,14.12,-31.04,0.00,8.28,-1,-0.0088,1460.22,1
2026-07-24 10:50 ET,2026-07-24,MSCI,-1,1,0,0,-13.30,1.46,0.00,3.01,-1,-0.0088,555.82,0
2026-07-24 10:50 ET,2026-07-24,ROL,-3,0,-1,5,-13.24,-7.85,0.00,2.74,-1,-0.0088,38.49,1
2026-07-24 10:50 ET,2026-07-24,COHR,5,3,1,3,13.09,-23.09,0.00,4.84,-1,-0.0088,286.07,1
2026-07-24 10:50 ET,2026-07-24,WAB,2,0,0,1,12.92,5.50,0.00,2.77,-1,-0.0088,300.18,0
2026-07-24 10:50 ET,2026-07-24,DELL,4,0,2,11,12.44,7.48,0.00,4.95,-1,-0.0088,443.13,1
2026-07-24 10:50 ET,2026-07-24,TTD,-1,0,1,4,-12.19,-3.12,0.00,3.00,-1,-0.0088,16.89,0
2026-07-24 10:50 ET,2026-07-24,WDAY,-4,-3,1,4,-12.07,12.39,0.00,3.83,-1,-0.0088,132.73,1
2026-07-24 10:50 ET,2026-07-24,DECK,0,0,2,9,-11.74,-6.20,0.00,2.46,-1,-0.0088,92.61,0
2026-07-24 10:50 ET,2026-07-24,TMUS,-2,-1,1,11,-11.63,-6.14,0.00,3.33,-1,-0.0088,177.07,0
2026-07-24 10:50 ET,2026-07-24,NOW,-1,-1,2,15,-11.60,2.70,0.00,3.77,-1,-0.0088,96.45,0
2026-07-24 10:50 ET,2026-07-24,TRV,3,1,0,0,11.41,18.25,0.00,2.40,-1,-0.0088,385.01,1
2026-07-24 10:50 ET,2026-07-24,PTC,-4,-2,0,1,-11.24,0.44,0.00,2.65,-1,-0.0088,116.57,1
2026-07-24 10:50 ET,2026-07-24,MRVL,2,-1,1,11,11.16,-25.56,0.00,5.52,-1,-0.0088,194.24,0
2026-07-24 10:50 ET,2026-07-24,ALLE,5,2,1,1,10.82,12.82,0.00,2.63,-1,-0.0088,154.52,1
2026-07-24 10:50 ET,2026-07-24,SNPS,-2,0,0,1,-10.43,-17.91,0.00,2.36,-1,-0.0088,371.23,0
2026-07-24 10:50 ET,2026-07-24,CF,3,1,0,0,6.78,20.12,0.00,1.73,-1,-0.0088,125.47,1
2026-07-24 10:50 ET,2026-07-24,EQT,5,1,2,8,8.08,3.37,0.00,2.38,-1,-0.0088,54.19,1
2026-07-24 10:50 ET,2026-07-24,AXON,-2,0,0,0,-9.20,10.61,0.00,4.63,-1,-0.0088,491.87,0
2026-07-24 10:50 ET,2026-07-24,ABT,2,-1,1,5,1.94,8.83,0.00,2.90,-1,-0.0088,103.25,0
2026-07-24 10:50 ET,2026-07-24,CDNS,-3,-1,0,0,-9.38,-10.26,0.00,2.76,-1,-0.0088,328.67,1
2026-07-24 12:34 ET,2026-07-24,SMCI,4,0,2,15,26.42,-1.52,0.00,6.19,-1,-0.0088,31.20,1
2026-07-24 12:34 ET,2026-07-24,STX,0,0,-2,17,22.52,-10.92,0.00,6.32,-1,-0.0088,886.29,0
2026-07-24 12:34 ET,2026-07-24,WDC,1,-2,1,12,19.60,-17.34,0.00,7.01,-1,-0.0088,532.45,0
2026-07-24 12:34 ET,2026-07-24,TSLA,-4,-2,0,7,-18.25,-14.78,0.00,4.85,-1,-0.0088,310.20,1
2026-07-24 12:34 ET,2026-07-24,LITE,5,3,1,9,18.04,-3.29,0.00,5.60,-1,-0.0088,777.15,1
2026-07-24 12:34 ET,2026-07-24,ISRG,-1,0,1,6,-17.48,-16.93,0.00,4.14,-1,-0.0088,340.10,0
2026-07-24 12:34 ET,2026-07-24,MU,4,0,2,9,16.06,-18.39,0.00,5.24,-1,-0.0088,941.72,1
2026-07-24 12:34 ET,2026-07-24,TER,2,0,0,1,15.96,-20.81,0.00,6.39,-1,-0.0088,359.79,0
2026-07-24 12:34 ET,2026-07-24,CVNA,-3,1,-2,21,-14.82,-9.08,0.00,3.58,-1,-0.0088,60.59,1
2026-07-24 12:34 ET,2026-07-24,SNDK,1,-1,0,17,14.12,-31.04,0.00,8.28,-1,-0.0088,1503.06,0
2026-07-24 12:34 ET,2026-07-24,MSCI,-1,1,0,0,-13.30,1.46,0.00,3.01,-1,-0.0088,556.48,0
2026-07-24 12:34 ET,2026-07-24,ROL,-3,0,-1,5,-13.24,-7.85,0.00,2.74,-1,-0.0088,38.87,1
2026-07-24 12:34 ET,2026-07-24,COHR,5,3,1,3,13.09,-23.09,0.00,4.84,-1,-0.0088,289.66,1
2026-07-24 12:34 ET,2026-07-24,WAB,2,0,0,1,12.92,5.50,0.00,2.77,-1,-0.0088,301.70,0
2026-07-24 12:34 ET,2026-07-24,DELL,4,0,2,14,12.44,7.48,0.00,4.95,-1,-0.0088,448.95,1
2026-07-24 12:34 ET,2026-07-24,TTD,0,0,2,6,-12.19,-3.12,0.00,3.00,-1,-0.0088,17.16,0
2026-07-24 12:34 ET,2026-07-24,WDAY,-4,-3,1,5,-12.07,12.39,0.00,3.83,-1,-0.0088,134.05,1
2026-07-24 12:34 ET,2026-07-24,DECK,0,0,2,8,-11.74,-6.20,0.00,2.46,-1,-0.0088,94.89,0
2026-07-24 12:34 ET,2026-07-24,TMUS,-2,-1,1,11,-11.63,-6.14,0.00,3.33,-1,-0.0088,179.20,0
2026-07-24 12:34 ET,2026-07-24,NOW,-1,-1,2,20,-11.60,2.70,0.00,3.77,-1,-0.0088,97.62,0
2026-07-24 12:34 ET,2026-07-24,TRV,4,2,0,0,11.41,18.25,0.00,2.40,-1,-0.0088,386.47,1
2026-07-24 12:34 ET,2026-07-24,PTC,-4,-2,0,0,-11.24,0.44,0.00,2.65,-1,-0.0088,118.18,1
2026-07-24 12:34 ET,2026-07-24,MRVL,3,-1,2,14,11.16,-25.56,0.00,5.52,-1,-0.0088,198.70,1
2026-07-24 12:34 ET,2026-07-24,ALLE,5,2,1,1,10.82,12.82,0.00,2.63,-1,-0.0088,154.79,1
2026-07-24 12:34 ET,2026-07-24,CDNS,-2,0,0,0,-9.38,-10.26,0.00,2.76,-1,-0.0088,332.89,0
2026-07-24 12:34 ET,2026-07-24,CF,3,1,0,0,6.78,20.12,0.00,1.73,-1,-0.0088,124.27,1
2026-07-24 12:34 ET,2026-07-24,EQT,4,1,1,7,8.08,3.37,0.00,2.38,-1,-0.0088,53.31,1
2026-07-24 14:14 ET,2026-07-24,SMCI,4,0,2,15,26.42,-1.52,0.00,6.19,-1,-0.0088,30.48,1
2026-07-24 14:14 ET,2026-07-24,STX,0,0,-2,16,22.52,-10.92,0.00,6.32,-1,-0.0088,868.90,0
2026-07-24 14:14 ET,2026-07-24,WDC,1,-2,1,11,19.60,-17.34,0.00,7.01,-1,-0.0088,525.68,0
2026-07-24 14:14 ET,2026-07-24,TSLA,-4,-1,-1,10,-18.25,-14.78,0.00,4.85,-1,-0.0088,308.52,1
2026-07-24 14:14 ET,2026-07-24,LITE,5,3,2,10,18.04,-3.29,0.00,5.60,-1,-0.0088,767.92,1
2026-07-24 14:14 ET,2026-07-24,ISRG,-1,0,1,6,-17.48,-16.93,0.00,4.14,-1,-0.0088,338.53,0
2026-07-24 14:14 ET,2026-07-24,MU,3,-1,2,15,16.06,-18.39,0.00,5.24,-1,-0.0088,924.79,1
2026-07-24 14:14 ET,2026-07-24,TER,2,0,0,1,15.96,-20.81,0.00,6.39,-1,-0.0088,355.06,0
2026-07-24 14:14 ET,2026-07-24,CVNA,-3,1,-2,21,-14.82,-9.08,0.00,3.58,-1,-0.0088,60.52,1
2026-07-24 14:14 ET,2026-07-24,SNDK,4,0,2,16,14.12,-31.04,0.00,8.28,-1,-0.0088,1461.16,1
2026-07-24 14:14 ET,2026-07-24,MSCI,-1,1,0,0,-13.30,1.46,0.00,3.01,-1,-0.0088,556.50,0
2026-07-24 14:14 ET,2026-07-24,ROL,-3,0,-1,5,-13.24,-7.85,0.00,2.74,-1,-0.0088,38.57,1
2026-07-24 14:14 ET,2026-07-24,COHR,5,3,1,3,13.09,-23.09,0.00,4.84,-1,-0.0088,288.07,1
2026-07-24 14:14 ET,2026-07-24,WAB,2,0,0,1,12.92,5.50,0.00,2.77,-1,-0.0088,301.53,0
2026-07-24 14:14 ET,2026-07-24,DELL,4,0,2,14,12.44,7.48,0.00,4.95,-1,-0.0088,445.34,1
2026-07-24 14:14 ET,2026-07-24,TTD,-1,0,1,4,-12.19,-3.12,0.00,3.00,-1,-0.0088,17.27,0
2026-07-24 14:14 ET,2026-07-24,WDAY,-4,-3,1,5,-12.07,12.39,0.00,3.83,-1,-0.0088,134.59,1
2026-07-24 14:14 ET,2026-07-24,DECK,0,0,2,7,-11.74,-6.20,0.00,2.46,-1,-0.0088,96.10,0
2026-07-24 14:14 ET,2026-07-24,TMUS,-2,-1,1,10,-11.63,-6.14,0.00,3.33,-1,-0.0088,180.11,0
2026-07-24 14:14 ET,2026-07-24,NOW,1,1,2,15,-11.60,2.70,0.00,3.77,-1,-0.0088,98.04,0
2026-07-24 14:14 ET,2026-07-24,TRV,4,2,0,1,11.41,18.25,0.00,2.40,-1,-0.0088,386.19,1
2026-07-24 14:14 ET,2026-07-24,PTC,-4,-2,0,0,-11.24,0.44,0.00,2.65,-1,-0.0088,117.87,1
2026-07-24 14:14 ET,2026-07-24,MRVL,1,-2,1,11,11.16,-25.56,0.00,5.52,-1,-0.0088,196.01,0
2026-07-24 14:14 ET,2026-07-24,ALLE,5,2,1,1,10.82,12.82,0.00,2.63,-1,-0.0088,154.32,1
2026-07-24 14:14 ET,2026-07-24,EQT,4,1,1,7,8.08,3.37,0.00,2.38,-1,-0.0088,53.15,1
2026-07-24 14:14 ET,2026-07-24,CF,3,1,0,0,6.78,20.12,0.00,1.73,-1,-0.0088,124.40,1
2026-07-27 11:39 ET,2026-07-27,SMCI,5,1,2,20,24.48,-1.73,0.00,6.20,-1,-0.0075,28.80,1
2026-07-27 11:39 ET,2026-07-27,TSLA,-3,-1,0,11,-17.81,-17.56,0.00,4.84,-1,-0.0075,308.28,1
2026-07-27 11:39 ET,2026-07-27,WDC,5,3,2,12,16.99,-4.80,0.00,6.37,-1,-0.0075,482.34,1
2026-07-27 11:39 ET,2026-07-27,STX,5,2,2,15,15.96,1.50,0.00,5.67,-1,-0.0075,791.34,1
2026-07-27 11:39 ET,2026-07-27,TER,2,0,0,1,15.94,-14.45,0.00,6.21,-1,-0.0075,323.05,0
2026-07-27 11:39 ET,2026-07-27,ROL,0,2,0,1,-14.52,-10.89,0.00,2.75,-1,-0.0075,39.47,0
2026-07-27 11:39 ET,2026-07-27,DLR,4,2,0,0,14.49,3.15,0.00,3.12,-1,-0.0075,193.87,1
2026-07-27 11:39 ET,2026-07-27,WAB,3,1,0,0,13.70,10.56,0.00,2.52,-1,-0.0075,294.48,1
2026-07-27 11:39 ET,2026-07-27,MSCI,-1,1,0,0,-12.11,-0.42,0.00,2.99,-1,-0.0075,563.71,0
2026-07-27 11:39 ET,2026-07-27,LMT,4,1,1,4,11.76,12.06,0.00,2.79,-1,-0.0075,581.99,1
2026-07-27 11:39 ET,2026-07-27,ALLE,4,2,0,0,11.75,9.77,0.00,2.63,-1,-0.0075,156.43,1
2026-07-27 11:39 ET,2026-07-27,TMUS,0,2,0,1,-11.44,-6.71,0.00,3.33,-1,-0.0075,181.62,0
2026-07-27 11:39 ET,2026-07-27,NOW,0,0,2,18,-10.95,-6.51,0.00,3.01,-1,-0.0075,104.45,0
2026-07-27 11:39 ET,2026-07-27,MRVL,3,0,1,4,10.94,-21.52,0.00,5.45,-1,-0.0075,184.37,1
2026-07-27 11:39 ET,2026-07-27,NRG,2,0,0,0,10.75,-4.26,0.00,2.45,-1,-0.0075,136.48,0
2026-07-27 11:39 ET,2026-07-27,DELL,4,0,2,16,10.57,9.70,0.00,4.91,-1,-0.0075,418.74,1
2026-07-27 11:39 ET,2026-07-27,CHRW,-3,-1,0,1,-10.55,4.00,0.00,2.68,-1,-0.0075,177.18,1
2026-07-27 11:39 ET,2026-07-27,CVNA,-2,0,0,3,-10.22,-3.03,0.00,3.35,-1,-0.0075,62.83,0
2026-07-27 11:39 ET,2026-07-27,DECK,-2,0,0,1,-9.81,-8.15,0.00,2.41,-1,-0.0075,99.00,0
2026-07-27 11:39 ET,2026-07-27,TYL,-2,0,0,1,-9.81,-2.12,0.00,2.79,-1,-0.0075,317.73,0
2026-07-27 11:39 ET,2026-07-27,CRWD,-1,1,0,2,-9.75,4.57,0.00,3.89,-1,-0.0075,184.09,0
2026-07-27 11:39 ET,2026-07-27,TTD,-1,0,1,7,-9.68,-8.60,0.00,2.64,-1,-0.0075,18.22,0
2026-07-27 11:39 ET,2026-07-27,HON,4,2,0,1,9.44,1.12,0.00,2.49,-1,-0.0075,243.56,1
2026-07-27 11:39 ET,2026-07-27,FIX,3,1,0,0,9.38,-1.24,0.00,3.52,-1,-0.0075,1663.21,1
2026-07-27 11:39 ET,2026-07-27,WDAY,-3,-1,0,1,-6.52,8.96,0.00,3.50,-1,-0.0075,147.76,1
2026-07-27 11:39 ET,2026-07-27,SNDK,5,2,1,11,6.03,-31.29,0.00,8.30,-1,-0.0075,1263.51,1
2026-07-27 11:39 ET,2026-07-27,EQT,5,3,0,0,7.00,0.63,0.00,2.35,-1,-0.0075,52.38,1
2026-07-27 11:39 ET,2026-07-27,MU,3,0,1,15,8.48,-18.66,0.00,5.26,-1,-0.0075,866.82,1
2026-07-27 11:39 ET,2026-07-27,TRV,4,2,0,0,4.95,18.29,0.00,2.40,-1,-0.0075,390.65,1
2026-07-27 11:39 ET,2026-07-27,PTC,-4,-2,0,0,-4.70,2.42,0.00,2.79,-1,-0.0075,124.22,1
2026-07-27 11:39 ET,2026-07-27,CF,3,1,0,1,3.01,18.33,0.00,1.79,-1,-0.0075,120.67,1
2026-07-27 11:39 ET,2026-07-27,LITE,5,3,1,4,4.12,-6.61,0.00,5.80,-1,-0.0075,701.95,1
2026-07-27 11:39 ET,2026-07-27,COHR,5,2,1,3,1.73,-25.80,0.00,5.08,-1,-0.0075,257.79,1
2026-07-27 13:38 ET,2026-07-27,SMCI,4,0,2,16,24.48,-1.73,0.00,6.20,-1,-0.0075,29.07,1
2026-07-27 13:38 ET,2026-07-27,TSLA,0,1,1,12,-17.81,-17.56,0.00,4.84,-1,-0.0075,308.24,0
2026-07-27 13:38 ET,2026-07-27,WAB,3,1,0,0,15.42,12.23,0.00,2.53,-1,-0.0075,296.15,1
2026-07-27 13:38 ET,2026-07-27,ROL,0,2,0,1,-14.52,-10.89,0.00,2.75,-1,-0.0075,39.35,0
2026-07-27 13:38 ET,2026-07-27,LMT,5,1,2,5,14.51,14.82,0.00,2.81,-1,-0.0075,582.00,1
2026-07-27 13:38 ET,2026-07-27,DLR,4,2,0,0,14.49,3.15,0.00,3.12,-1,-0.0075,193.49,1
2026-07-27 13:38 ET,2026-07-27,MRNA,0,0,2,6,-12.54,-19.62,0.00,4.73,-1,-0.0075,55.61,0
2026-07-27 13:38 ET,2026-07-27,MSCI,-1,1,0,0,-12.39,-0.73,0.00,2.99,-1,-0.0075,570.43,0
2026-07-27 13:38 ET,2026-07-27,IP,2,0,0,0,12.25,8.77,0.00,3.24,-1,-0.0075,42.30,0
2026-07-27 13:38 ET,2026-07-27,ALLE,4,2,0,0,11.75,9.77,0.00,2.63,-1,-0.0075,156.07,1
2026-07-27 13:38 ET,2026-07-27,SLB,3,1,0,2,11.56,11.53,0.00,2.77,-1,-0.0075,52.38,1
2026-07-27 13:38 ET,2026-07-27,T,5,3,2,7,10.64,7.63,0.00,2.34,-1,-0.0075,24.49,1
2026-07-27 13:38 ET,2026-07-27,DELL,3,-1,2,13,10.57,9.70,0.00,4.91,-1,-0.0075,422.01,1
2026-07-27 13:38 ET,2026-07-27,CHRW,-3,-1,0,1,-10.55,4.00,0.00,2.68,-1,-0.0075,175.80,1
2026-07-27 13:38 ET,2026-07-27,CVNA,-2,0,0,4,-10.22,-3.03,0.00,3.35,-1,-0.0075,63.38,0
2026-07-27 13:38 ET,2026-07-27,RTX,3,-1,2,10,9.96,13.19,0.00,2.08,-1,-0.0075,218.98,1
2026-07-27 13:38 ET,2026-07-27,DECK,-2,0,0,1,-9.81,-8.15,0.00,2.41,-1,-0.0075,99.11,0
2026-07-27 13:38 ET,2026-07-27,CRWD,-1,1,0,2,-9.75,4.57,0.00,3.89,-1,-0.0075,181.93,0
2026-07-27 13:38 ET,2026-07-27,PANW,-2,0,0,1,-9.73,6.44,0.00,3.85,-1,-0.0075,319.47,0
2026-07-27 13:38 ET,2026-07-27,SW,2,0,0,0,9.62,3.36,0.00,3.41,-1,-0.0075,49.15,0
2026-07-27 13:38 ET,2026-07-27,NRG,2,0,0,0,9.23,-5.58,0.00,2.46,-1,-0.0075,137.22,0
2026-07-27 13:38 ET,2026-07-27,URI,1,-1,0,0,9.22,1.78,0.00,2.92,-1,-0.0075,1117.18,0
2026-07-27 13:38 ET,2026-07-27,PKG,4,2,0,0,9.15,5.32,0.00,2.48,-1,-0.0075,250.81,1
2026-07-27 13:38 ET,2026-07-27,ORCL,-2,-2,2,13,-9.03,-22.31,0.00,3.11,-1,-0.0075,120.19,0
2026-07-27 13:38 ET,2026-07-27,LITE,5,3,1,4,4.12,-6.61,0.00,5.80,-1,-0.0075,704.46,1
2026-07-27 13:38 ET,2026-07-27,FIX,3,1,0,0,3.56,-6.51,0.00,3.72,-1,-0.0075,1688.67,1
2026-07-27 13:38 ET,2026-07-27,TRV,4,2,0,0,4.95,18.29,0.00,2.40,-1,-0.0075,390.03,1
2026-07-27 13:38 ET,2026-07-27,MU,5,1,2,14,8.48,-18.66,0.00,5.26,-1,-0.0075,872.80,1
2026-07-27 13:38 ET,2026-07-27,WDC,5,2,2,14,8.92,-11.36,0.00,6.55,-1,-0.0075,489.87,1
2026-07-27 13:38 ET,2026-07-27,SNDK,3,2,-1,16,6.03,-31.29,0.00,8.30,-1,-0.0075,1259.87,1
2026-07-27 13:38 ET,2026-07-27,COHR,4,1,1,3,1.73,-25.80,0.00,5.08,-1,-0.0075,258.96,1
2026-07-27 13:38 ET,2026-07-27,EQT,5,3,0,0,7.00,0.63,0.00,2.35,-1,-0.0075,52.62,1
2026-07-27 13:38 ET,2026-07-27,PTC,-3,-1,0,0,-4.70,2.42,0.00,2.79,-1,-0.0075,125.36,1
2026-07-27 13:38 ET,2026-07-27,CF,3,1,0,1,3.01,18.33,0.00,1.79,-1,-0.0075,121.02,1
2026-07-27 13:38 ET,2026-07-27,WDAY,-2,-1,1,4,-6.52,8.96,0.00,3.50,-1,-0.0075,149.43,0
2026-07-27 13:38 ET,2026-07-27,HON,4,2,0,1,8.06,-0.16,0.00,2.51,-1,-0.0075,243.65,1
2026-07-27 13:38 ET,2026-07-27,STX,5,1,2,18,8.13,-5.36,0.00,5.88,-1,-0.0075,803.01,1
2026-07-27 13:38 ET,2026-07-27,MRVL,3,1,0,5,2.94,-27.17,0.00,5.61,-1,-0.0075,186.10,1
2026-07-27 15:19 ET,2026-07-27,SMCI,4,0,2,19,24.48,-1.73,0.00,6.20,-1,-0.0075,29.50,1
2026-07-27 15:19 ET,2026-07-27,TSLA,1,1,2,11,-17.81,-17.56,0.00,4.84,-1,-0.0075,308.15,0
2026-07-27 15:19 ET,2026-07-27,WAB,5,3,0,0,15.42,12.23,0.00,2.53,-1,-0.0075,299.05,1
2026-07-27 15:19 ET,2026-07-27,ROL,0,2,0,1,-14.52,-10.89,0.00,2.75,-1,-0.0075,38.85,0
2026-07-27 15:19 ET,2026-07-27,LMT,5,1,2,5,14.51,14.82,0.00,2.81,-1,-0.0075,582.91,1
2026-07-27 15:19 ET,2026-07-27,DLR,4,2,0,0,14.49,3.15,0.00,3.12,-1,-0.0075,194.77,1
2026-07-27 15:19 ET,2026-07-27,MRNA,0,0,2,8,-12.54,-19.62,0.00,4.73,-1,-0.0075,55.58,0
2026-07-27 15:19 ET,2026-07-27,MSCI,-1,1,0,1,-12.39,-0.73,0.00,2.99,-1,-0.0075,571.55,0
2026-07-27 15:19 ET,2026-07-27,IP,2,0,0,0,12.25,8.77,0.00,3.24,-1,-0.0075,42.60,0
2026-07-27 15:19 ET,2026-07-27,ALLE,4,2,0,0,11.75,9.77,0.00,2.63,-1,-0.0075,157.86,1
2026-07-27 15:19 ET,2026-07-27,SLB,3,1,0,2,11.56,11.53,0.00,2.77,-1,-0.0075,51.83,1
2026-07-27 15:19 ET,2026-07-27,T,5,3,2,8,10.64,7.63,0.00,2.34,-1,-0.0075,24.35,1
2026-07-27 15:19 ET,2026-07-27,DELL,3,-1,2,13,10.57,9.70,0.00,4.91,-1,-0.0075,424.23,1
2026-07-27 15:19 ET,2026-07-27,CHRW,-3,-1,0,1,-10.55,4.00,0.00,2.68,-1,-0.0075,174.90,1
2026-07-27 15:19 ET,2026-07-27,CVNA,-2,0,0,4,-10.22,-3.03,0.00,3.35,-1,-0.0075,63.66,0
2026-07-27 15:19 ET,2026-07-27,RTX,3,-1,2,11,9.96,13.19,0.00,2.08,-1,-0.0075,220.11,1
2026-07-27 15:19 ET,2026-07-27,DECK,-2,0,0,1,-9.81,-8.15,0.00,2.41,-1,-0.0075,99.17,0
2026-07-27 15:19 ET,2026-07-27,CRWD,-1,1,0,1,-9.75,4.57,0.00,3.89,-1,-0.0075,181.20,0
2026-07-27 15:19 ET,2026-07-27,PANW,-2,0,0,1,-9.73,6.44,0.00,3.85,-1,-0.0075,319.28,0
2026-07-27 15:19 ET,2026-07-27,SW,2,0,0,0,9.62,3.36,0.00,3.41,-1,-0.0075,49.83,0
2026-07-27 15:19 ET,2026-07-27,NRG,2,0,0,0,9.23,-5.58,0.00,2.46,-1,-0.0075,136.35,0
2026-07-27 15:19 ET,2026-07-27,URI,1,-1,0,0,9.22,1.78,0.00,2.92,-1,-0.0075,1125.96,0
2026-07-27 15:19 ET,2026-07-27,PKG,4,2,0,0,9.15,5.32,0.00,2.48,-1,-0.0075,252.83,1
2026-07-27 15:19 ET,2026-07-27,ORCL,-2,-2,2,17,-9.03,-22.31,0.00,3.11,-1,-0.0075,119.61,0
2026-07-27 15:19 ET,2026-07-27,CF,3,1,0,1,3.01,18.33,0.00,1.79,-1,-0.0075,121.08,1
2026-07-27 15:19 ET,2026-07-27,PTC,-3,-1,0,0,-4.70,2.42,0.00,2.79,-1,-0.0075,124.76,1
2026-07-27 15:19 ET,2026-07-27,MRVL,4,1,1,6,2.94,-27.17,0.00,5.61,-1,-0.0075,189.48,1
2026-07-27 15:19 ET,2026-07-27,STX,5,1,2,19,8.13,-5.36,0.00,5.88,-1,-0.0075,818.22,1
2026-07-27 15:19 ET,2026-07-27,COHR,3,0,1,4,1.73,-25.80,0.00,5.08,-1,-0.0075,266.56,1
2026-07-27 15:19 ET,2026-07-27,SNDK,1,-2,1,12,6.03,-31.29,0.00,8.30,-1,-0.0075,1275.50,0
2026-07-27 15:19 ET,2026-07-27,LITE,5,3,1,4,4.12,-6.61,0.00,5.80,-1,-0.0075,719.40,1
2026-07-27 15:19 ET,2026-07-27,TRV,4,2,0,0,4.95,18.29,0.00,2.40,-1,-0.0075,390.39,1
2026-07-27 15:19 ET,2026-07-27,HON,4,2,0,1,8.06,-0.16,0.00,2.51,-1,-0.0075,244.59,1
2026-07-27 15:19 ET,2026-07-27,MU,5,1,2,16,8.48,-18.66,0.00,5.26,-1,-0.0075,894.28,1
2026-07-27 15:19 ET,2026-07-27,WDC,5,2,2,15,8.92,-11.36,0.00,6.55,-1,-0.0075,498.55,1
2026-07-27 15:19 ET,2026-07-27,EQT,5,3,0,0,7.00,0.63,0.00,2.35,-1,-0.0075,52.03,1
2026-07-27 15:19 ET,2026-07-27,FIX,3,1,0,0,3.56,-6.51,0.00,3.72,-1,-0.0075,1718.11,1
2026-07-28 11:15 ET,2026-07-28,SMCI,3,-1,2,16,25.09,5.90,0.00,5.90,-1,-0.0070,27.87,1
2026-07-28 11:15 ET,2026-07-28,IP,3,1,0,0,16.99,10.93,0.00,3.21,-1,-0.0070,44.46,1
2026-07-28 11:15 ET,2026-07-28,WAB,5,3,0,0,16.70,12.15,0.00,2.53,-1,-0.0070,302.12,1
2026-07-28 11:15 ET,2026-07-28,TSLA,1,2,1,11,-16.33,-24.92,0.00,4.32,-1,-0.0070,304.92,0
2026-07-28 11:15 ET,2026-07-28,SW,3,1,0,0,16.11,8.49,0.00,3.44,-1,-0.0070,51.46,1
2026-07-28 11:15 ET,2026-07-28,CHRW,-3,-1,0,1,-15.23,-5.57,0.00,2.98,-1,-0.0070,171.61,1
2026-07-28 11:15 ET,2026-07-28,GM,3,0,1,9,14.83,12.54,0.00,2.19,-1,-0.0070,89.60,1
2026-07-28 11:15 ET,2026-07-28,ALLE,4,2,0,0,14.49,13.24,0.00,2.69,-1,-0.0070,162.43,1
2026-07-28 11:15 ET,2026-07-28,LMT,5,1,2,8,13.83,15.52,0.00,2.80,-1,-0.0070,579.89,1
2026-07-28 11:15 ET,2026-07-28,ROL,0,2,0,1,-12.67,-7.59,0.00,2.75,-1,-0.0070,39.44,0
2026-07-28 11:15 ET,2026-07-28,RTX,4,0,2,11,12.33,16.60,0.00,2.11,-1,-0.0070,216.83,1
2026-07-28 11:15 ET,2026-07-28,MMM,2,0,0,0,12.02,9.73,0.00,2.07,-1,-0.0070,182.32,0
2026-07-28 11:15 ET,2026-07-28,DELL,2,0,0,9,11.98,3.14,0.00,4.89,-1,-0.0070,373.42,0
2026-07-28 11:15 ET,2026-07-28,DGX,3,1,0,1,11.64,9.47,0.00,2.34,-1,-0.0070,237.04,1
2026-07-28 11:15 ET,2026-07-28,URI,1,-1,0,0,11.38,0.47,0.00,2.93,-1,-0.0070,1122.18,0
2026-07-28 11:15 ET,2026-07-28,T,5,3,2,10,11.25,13.41,0.00,2.10,-1,-0.0070,24.83,1
2026-07-28 11:15 ET,2026-07-28,SLB,3,1,0,2,11.08,11.10,0.00,2.78,-1,-0.0070,51.25,1
2026-07-28 11:15 ET,2026-07-28,DLR,4,2,0,0,11.07,2.72,0.00,3.14,-1,-0.0070,195.68,1
2026-07-28 11:15 ET,2026-07-28,HAS,2,0,0,1,11.06,7.31,0.00,2.59,-1,-0.0070,94.29,0
2026-07-28 11:15 ET,2026-07-28,PKG,4,1,1,1,10.48,6.19,0.00,2.45,-1,-0.0070,255.87,1
2026-07-28 11:15 ET,2026-07-28,BKR,4,1,1,3,9.86,7.60,0.00,2.31,-1,-0.0070,58.74,1
2026-07-28 11:15 ET,2026-07-28,HPQ,2,0,1,4,9.62,17.27,0.00,2.37,-1,-0.0070,27.71,0
2026-07-28 11:15 ET,2026-07-28,TMUS,-2,0,-1,5,-9.42,1.86,0.00,3.43,-1,-0.0070,183.77,0
2026-07-28 11:15 ET,2026-07-28,SAP.DE,1,-1,0,0,9.42,10.71,0.00,3.50,-1,-0.0070,157.80,0
2026-07-28 11:15 ET,2026-07-28,LITE,1,3,0,3,-7.00,-16.38,0.00,5.88,-1,-0.0070,624.99,0
2026-07-28 11:15 ET,2026-07-28,FIX,1,1,0,0,1.07,-11.20,0.00,3.50,-1,-0.0070,1580.72,0
2026-07-28 11:15 ET,2026-07-28,PTC,-1,-1,0,0,0.30,9.94,0.00,3.02,-1,-0.0070,129.42,0
2026-07-28 11:15 ET,2026-07-28,MU,2,-1,1,6,4.01,-21.39,0.00,5.25,-1,-0.0070,811.62,0
2026-07-28 11:15 ET,2026-07-28,TRV,4,2,0,0,5.93,17.62,0.00,2.40,-1,-0.0070,398.33,1
2026-07-28 11:15 ET,2026-07-28,MRVL,-1,0,1,12,-2.96,-31.88,0.00,5.46,-1,-0.0070,175.69,0
2026-07-28 11:15 ET,2026-07-28,WDC,0,-1,-1,8,2.15,-23.62,0.00,6.00,-1,-0.0070,437.53,0
2026-07-28 11:15 ET,2026-07-28,STX,2,-1,1,9,1.81,-15.65,0.00,5.65,-1,-0.0070,719.79,0
2026-07-28 11:15 ET,2026-07-28,COHR,-3,-1,0,5,-4.94,-30.65,0.00,5.01,-1,-0.0070,234.09,1
2026-07-28 11:15 ET,2026-07-28,EQT,5,3,0,1,6.01,0.00,0.00,2.37,-1,-0.0070,51.79,1
2026-07-28 11:15 ET,2026-07-28,CF,-1,1,0,1,-3.07,13.64,0.00,2.11,-1,-0.0070,122.43,0
2026-07-28 11:15 ET,2026-07-28,HON,5,3,1,1,8.65,7.88,0.00,2.00,-1,-0.0070,247.26,1
2026-07-28 13:22 ET,2026-07-28,SMCI,3,-1,2,15,25.09,5.90,0.00,5.90,-1,-0.0070,28.41,1
2026-07-28 13:22 ET,2026-07-28,IP,3,1,0,0,16.99,10.93,0.00,3.21,-1,-0.0070,44.08,1
2026-07-28 13:22 ET,2026-07-28,WAB,5,3,0,0,16.70,12.15,0.00,2.53,-1,-0.0070,304.96,1
2026-07-28 13:22 ET,2026-07-28,TSLA,-3,1,-2,16,-16.33,-24.92,0.00,4.32,-1,-0.0070,307.00,1
2026-07-28 13:22 ET,2026-07-28,SW,3,1,0,0,16.11,8.49,0.00,3.44,-1,-0.0070,51.44,1
2026-07-28 13:22 ET,2026-07-28,CHRW,-3,-1,0,1,-15.23,-5.57,0.00,2.98,-1,-0.0070,169.97,1
2026-07-28 13:22 ET,2026-07-28,GM,4,1,1,8,14.83,12.54,0.00,2.19,-1,-0.0070,90.24,1
2026-07-28 13:22 ET,2026-07-28,ALLE,4,2,0,0,14.49,13.24,0.00,2.69,-1,-0.0070,161.80,1
2026-07-28 13:22 ET,2026-07-28,LMT,5,1,2,10,13.83,15.52,0.00,2.80,-1,-0.0070,577.29,1
2026-07-28 13:22 ET,2026-07-28,ROL,0,2,0,1,-12.67,-7.59,0.00,2.75,-1,-0.0070,38.76,0
2026-07-28 13:22 ET,2026-07-28,RTX,5,1,2,9,12.33,16.60,0.00,2.11,-1,-0.0070,217.12,1
2026-07-28 13:22 ET,2026-07-28,MMM,2,0,1,1,12.02,9.73,0.00,2.07,-1,-0.0070,182.80,0
2026-07-28 13:22 ET,2026-07-28,DELL,4,0,2,10,11.98,3.14,0.00,4.89,-1,-0.0070,384.31,1
2026-07-28 13:22 ET,2026-07-28,DGX,3,1,0,1,11.64,9.47,0.00,2.34,-1,-0.0070,236.79,1
2026-07-28 13:22 ET,2026-07-28,URI,3,1,0,0,11.38,0.47,0.00,2.93,-1,-0.0070,1112.15,1
2026-07-28 13:22 ET,2026-07-28,T,5,3,2,10,11.25,13.41,0.00,2.10,-1,-0.0070,24.78,1
2026-07-28 13:22 ET,2026-07-28,SLB,2,0,0,2,11.08,11.10,0.00,2.78,-1,-0.0070,50.23,0
2026-07-28 13:22 ET,2026-07-28,DLR,3,1,0,0,11.07,2.72,0.00,3.14,-1,-0.0070,195.06,1
2026-07-28 13:22 ET,2026-07-28,HAS,2,0,0,1,11.06,7.31,0.00,2.59,-1,-0.0070,94.74,0
2026-07-28 13:22 ET,2026-07-28,PKG,4,1,1,1,10.48,6.19,0.00,2.45,-1,-0.0070,254.38,1
2026-07-28 13:22 ET,2026-07-28,BKR,4,1,1,4,9.86,7.60,0.00,2.31,-1,-0.0070,57.97,1
2026-07-28 13:22 ET,2026-07-28,HPQ,2,0,2,5,9.62,17.27,0.00,2.37,-1,-0.0070,27.74,0
2026-07-28 13:22 ET,2026-07-28,TMUS,-2,0,-1,5,-9.42,1.86,0.00,3.43,-1,-0.0070,184.29,0
2026-07-28 13:22 ET,2026-07-28,SAP.DE,-1,-3,0,0,9.42,10.71,0.00,3.50,-1,-0.0070,159.68,0
2026-07-28 13:22 ET,2026-07-28,COHR,-3,-2,1,7,-4.94,-30.65,0.00,5.01,-1,-0.0070,242.24,1
2026-07-28 13:22 ET,2026-07-28,TRV,4,2,0,0,5.93,17.62,0.00,2.40,-1,-0.0070,395.36,1
2026-07-28 13:22 ET,2026-07-28,HON,5,3,1,1,8.65,7.88,0.00,2.00,-1,-0.0070,248.15,1
2026-07-28 13:22 ET,2026-07-28,EQT,5,3,0,1,6.01,0.00,0.00,2.37,-1,-0.0070,51.43,1
2026-07-28 15:15 ET,2026-07-28,SMCI,3,-1,2,17,25.09,5.90,0.00,5.90,-1,-0.0070,28.41,1
2026-07-28 15:15 ET,2026-07-28,IP,3,1,0,0,16.99,10.93,0.00,3.21,-1,-0.0070,43.89,1
2026-07-28 15:15 ET,2026-07-28,WAB,5,3,0,0,16.70,12.15,0.00,2.53,-1,-0.0070,304.20,1
2026-07-28 15:15 ET,2026-07-28,TSLA,-2,-1,1,19,-16.33,-24.92,0.00,4.32,-1,-0.0070,305.96,0
2026-07-28 15:15 ET,2026-07-28,SW,3,1,0,0,16.11,8.49,0.00,3.44,-1,-0.0070,51.03,1
2026-07-28 15:15 ET,2026-07-28,CHRW,-3,-1,0,1,-15.23,-5.57,0.00,2.98,-1,-0.0070,170.96,1
2026-07-28 15:15 ET,2026-07-28,GM,5,1,2,10,14.83,12.54,0.00,2.19,-1,-0.0070,89.73,1
2026-07-28 15:15 ET,2026-07-28,ALLE,4,2,0,0,14.49,13.24,0.00,2.69,-1,-0.0070,160.70,1
2026-07-28 15:15 ET,2026-07-28,LMT,5,1,2,9,13.83,15.52,0.00,2.80,-1,-0.0070,581.73,1
2026-07-28 15:15 ET,2026-07-28,ROL,0,2,0,0,-12.67,-7.59,0.00,2.75,-1,-0.0070,39.07,0
2026-07-28 15:15 ET,2026-07-28,RTX,5,1,2,9,12.33,16.60,0.00,2.11,-1,-0.0070,217.50,1
2026-07-28 15:15 ET,2026-07-28,MMM,2,0,1,1,12.02,9.73,0.00,2.07,-1,-0.0070,181.71,0
2026-07-28 15:15 ET,2026-07-28,DELL,4,0,2,11,11.98,3.14,0.00,4.89,-1,-0.0070,390.43,1
2026-07-28 15:15 ET,2026-07-28,DGX,3,1,0,1,11.64,9.47,0.00,2.34,-1,-0.0070,235.70,1
2026-07-28 15:15 ET,2026-07-28,URI,3,1,0,0,11.38,0.47,0.00,2.93,-1,-0.0070,1101.92,1
2026-07-28 15:15 ET,2026-07-28,T,5,3,2,12,11.25,13.41,0.00,2.10,-1,-0.0070,24.70,1
2026-07-28 15:15 ET,2026-07-28,SLB,2,0,0,2,11.08,11.10,0.00,2.78,-1,-0.0070,50.15,0
2026-07-28 15:15 ET,2026-07-28,DLR,3,1,0,0,11.07,2.72,0.00,3.14,-1,-0.0070,195.45,1
2026-07-28 15:15 ET,2026-07-28,HAS,2,0,0,1,11.06,7.31,0.00,2.59,-1,-0.0070,96.15,0
2026-07-28 15:15 ET,2026-07-28,PKG,4,1,1,1,10.48,6.19,0.00,2.45,-1,-0.0070,252.89,1
2026-07-28 15:15 ET,2026-07-28,BKR,4,1,1,4,9.86,7.60,0.00,2.31,-1,-0.0070,58.28,1
2026-07-28 15:15 ET,2026-07-28,HPQ,4,0,2,9,9.62,17.27,0.00,2.37,-1,-0.0070,28.23,1
2026-07-28 15:15 ET,2026-07-28,TMUS,-2,0,-1,6,-9.42,1.86,0.00,3.43,-1,-0.0070,184.05,0
2026-07-28 15:15 ET,2026-07-28,SAP.DE,-1,-3,0,0,9.42,10.71,0.00,3.50,-1,-0.0070,159.68,0
2026-07-28 15:15 ET,2026-07-28,COHR,-5,-2,-1,9,-4.94,-30.65,0.00,5.01,-1,-0.0070,243.43,1
2026-07-28 15:15 ET,2026-07-28,TRV,4,2,0,0,5.93,17.62,0.00,2.40,-1,-0.0070,397.07,1
2026-07-28 15:15 ET,2026-07-28,EQT,5,3,0,1,6.01,0.00,0.00,2.37,-1,-0.0070,51.49,1
2026-07-28 15:15 ET,2026-07-28,HON,5,3,1,1,8.65,7.88,0.00,2.00,-1,-0.0070,247.98,1
2026-07-29 11:06 ET,2026-07-29,SNDK,-4,-2,0,18,-19.58,-43.78,0.00,8.03,-1,-0.0068,1022.55,1
2026-07-29 11:06 ET,2026-07-29,SW,4,1,1,2,19.48,11.22,0.00,3.48,-1,-0.0068,47.73,1
2026-07-29 11:06 ET,2026-07-29,TSLA,1,1,2,17,-18.40,-26.48,0.00,4.25,-1,-0.0068,302.80,0
2026-07-29 11:06 ET,2026-07-29,SMCI,0,-1,-1,15,16.90,1.64,0.00,5.84,-1,-0.0068,27.03,0
2026-07-29 11:06 ET,2026-07-29,CHRW,-3,-1,0,0,-16.69,-7.37,0.00,2.94,-1,-0.0068,165.95,1
2026-07-29 11:06 ET,2026-07-29,IP,3,1,0,1,16.67,11.31,0.00,3.20,-1,-0.0068,42.89,1
2026-07-29 11:06 ET,2026-07-29,SAP.DE,-1,-3,0,0,15.60,17.69,0.00,3.54,-1,-0.0068,162.26,0
2026-07-29 11:06 ET,2026-07-29,ALLE,4,2,0,1,15.18,12.56,0.00,2.70,-1,-0.0068,157.40,1
2026-07-29 11:06 ET,2026-07-29,LITE,1,3,2,13,-15.00,-17.03,0.00,5.87,-1,-0.0068,609.00,0
2026-07-29 11:06 ET,2026-07-29,COHR,-4,-2,0,11,-14.47,-31.22,0.00,4.99,-1,-0.0068,228.41,1
2026-07-29 11:06 ET,2026-07-29,LMT,2,-2,2,16,14.38,13.85,0.00,2.79,-1,-0.0068,575.55,0
2026-07-29 11:06 ET,2026-07-29,WAB,5,3,0,1,14.18,11.61,0.00,2.53,-1,-0.0068,296.22,1
2026-07-29 11:06 ET,2026-07-29,ROP,2,0,1,2,13.32,17.73,0.00,2.96,-1,-0.0068,403.94,0
2026-07-29 11:06 ET,2026-07-29,INTC,-2,0,0,15,-13.07,-34.35,0.00,4.63,-1,-0.0068,84.07,0
2026-07-29 11:06 ET,2026-07-29,VRT,-1,1,0,12,-13.05,-20.93,0.00,3.62,-1,-0.0068,234.95,0
2026-07-29 11:06 ET,2026-07-29,RTX,4,0,2,9,12.78,15.12,0.00,2.12,-1,-0.0068,216.29,1
2026-07-29 11:06 ET,2026-07-29,WDAY,1,-3,2,14,12.33,29.53,0.00,4.20,-1,-0.0068,166.01,0
2026-07-29 11:06 ET,2026-07-29,NUE,3,-1,2,10,12.18,17.44,0.00,1.82,-1,-0.0068,257.69,1
2026-07-29 11:06 ET,2026-07-29,DGX,4,1,1,2,12.09,9.83,0.00,2.33,-1,-0.0068,234.70,1
2026-07-29 11:06 ET,2026-07-29,IT,2,-1,1,4,11.92,16.37,0.00,3.75,-1,-0.0068,163.10,0
2026-07-29 11:06 ET,2026-07-29,GLW,0,0,2,15,-11.73,-43.88,0.00,4.97,-1,-0.0068,127.29,0
2026-07-29 11:06 ET,2026-07-29,TRMB,5,2,1,2,11.50,12.96,0.00,2.52,-1,-0.0068,58.16,1
2026-07-29 11:06 ET,2026-07-29,TYL,2,0,1,3,11.30,14.07,0.00,3.38,-1,-0.0068,339.82,0
2026-07-29 11:06 ET,2026-07-29,ROL,0,2,0,0,-10.92,-6.40,0.00,2.74,-1,-0.0068,39.35,0
2026-07-29 11:06 ET,2026-07-29,EQT,5,3,0,1,4.42,-2.20,0.00,2.31,-1,-0.0068,52.74,1
2026-07-29 11:06 ET,2026-07-29,BKR,4,1,1,2,7.47,9.17,0.00,2.27,-1,-0.0068,59.72,1
2026-07-29 11:06 ET,2026-07-29,HPQ,4,0,2,12,7.01,21.01,0.00,2.20,-1,-0.0068,28.52,1
2026-07-29 11:06 ET,2026-07-29,GM,4,0,2,9,9.46,12.92,0.00,2.19,-1,-0.0068,90.55,1
2026-07-29 11:06 ET,2026-07-29,HON,5,2,1,1,6.91,9.76,0.00,1.94,-1,-0.0068,242.43,1
2026-07-29 11:06 ET,2026-07-29,URI,3,1,0,0,10.72,-0.95,0.00,2.93,-1,-0.0068,1075.26,1
2026-07-29 11:06 ET,2026-07-29,DELL,1,-3,2,14,5.63,-0.89,0.00,4.81,-1,-0.0068,378.22,0
2026-07-29 11:06 ET,2026-07-29,T,5,2,2,10,9.70,19.55,0.00,1.62,-1,-0.0068,24.42,1
2026-07-29 11:06 ET,2026-07-29,TRV,3,1,0,1,5.61,18.24,0.00,2.39,-1,-0.0068,394.05,1
2026-07-29 11:06 ET,2026-07-29,DLR,3,1,0,1,9.17,9.01,0.00,2.81,-1,-0.0068,186.63,1
2026-07-29 11:06 ET,2026-07-29,PKG,4,1,1,1,10.59,5.91,0.00,2.45,-1,-0.0068,249.89,1
2026-07-29 13:09 ET,2026-07-29,SNDK,-1,-1,2,17,-19.58,-43.78,0.00,8.03,-1,-0.0068,1044.00,0
2026-07-29 13:09 ET,2026-07-29,SW,4,1,1,2,19.48,11.22,0.00,3.48,-1,-0.0068,47.85,1
2026-07-29 13:09 ET,2026-07-29,TSLA,0,0,2,20,-18.40,-26.48,0.00,4.25,-1,-0.0068,302.68,0
2026-07-29 13:09 ET,2026-07-29,SMCI,3,-1,2,20,16.90,1.64,0.00,5.84,-1,-0.0068,26.78,1
2026-07-29 13:09 ET,2026-07-29,SAP.DE,0,-2,0,0,16.73,18.84,0.00,3.60,-1,-0.0068,162.80,0
2026-07-29 13:09 ET,2026-07-29,CHRW,-3,-1,0,0,-16.69,-7.37,0.00,2.94,-1,-0.0068,166.33,1
2026-07-29 13:09 ET,2026-07-29,IP,3,1,0,1,16.67,11.31,0.00,3.20,-1,-0.0068,42.83,1
2026-07-29 13:09 ET,2026-07-29,ALLE,4,2,0,1,15.18,12.56,0.00,2.70,-1,-0.0068,157.46,1
2026-07-29 13:09 ET,2026-07-29,LITE,1,3,2,16,-15.00,-17.03,0.00,5.87,-1,-0.0068,611.45,0
2026-07-29 13:09 ET,2026-07-29,COHR,-5,-3,0,4,-14.47,-31.22,0.00,4.99,-1,-0.0068,225.18,1
2026-07-29 13:09 ET,2026-07-29,IFX.DE,-3,-1,0,0,-14.47,-29.26,0.00,3.78,-1,-0.0068,54.40,1
2026-07-29 13:09 ET,2026-07-29,LMT,2,-2,2,15,14.38,13.85,0.00,2.79,-1,-0.0068,574.47,0
2026-07-29 13:09 ET,2026-07-29,WAB,5,3,0,1,14.18,11.61,0.00,2.53,-1,-0.0068,295.18,1
2026-07-29 13:09 ET,2026-07-29,ROP,2,0,1,2,13.32,17.73,0.00,2.96,-1,-0.0068,406.50,0
2026-07-29 13:09 ET,2026-07-29,INTC,-1,0,1,13,-13.07,-34.35,0.00,4.63,-1,-0.0068,84.01,0
2026-07-29 13:09 ET,2026-07-29,VRT,-2,0,0,7,-13.05,-20.93,0.00,3.62,-1,-0.0068,224.62,0
2026-07-29 13:09 ET,2026-07-29,ENR.DE,-1,1,0,0,-12.80,-16.83,0.00,3.24,-1,-0.0068,135.68,0
2026-07-29 13:09 ET,2026-07-29,RTX,4,0,2,9,12.78,15.12,0.00,2.12,-1,-0.0068,218.02,1
2026-07-29 13:09 ET,2026-07-29,WDAY,1,-3,2,13,12.33,29.53,0.00,4.20,-1,-0.0068,168.75,0
2026-07-29 13:09 ET,2026-07-29,NUE,3,-1,2,10,12.18,17.44,0.00,1.82,-1,-0.0068,255.63,1
2026-07-29 13:09 ET,2026-07-29,DGX,4,1,1,2,12.09,9.83,0.00,2.33,-1,-0.0068,234.95,1
2026-07-29 13:09 ET,2026-07-29,GLW,-1,-1,2,12,-11.73,-43.88,0.00,4.97,-1,-0.0068,125.57,0
2026-07-29 13:09 ET,2026-07-29,TRMB,5,2,1,2,11.50,12.96,0.00,2.52,-1,-0.0068,58.43,1
2026-07-29 13:09 ET,2026-07-29,TYL,2,0,1,4,11.30,14.07,0.00,3.38,-1,-0.0068,344.40,0
2026-07-29 13:09 ET,2026-07-29,DLR,5,3,0,1,9.17,9.01,0.00,2.81,-1,-0.0068,187.46,1
2026-07-29 13:09 ET,2026-07-29,T,5,2,2,11,9.70,19.55,0.00,1.62,-1,-0.0068,24.41,1
2026-07-29 13:09 ET,2026-07-29,HPQ,4,0,2,12,7.01,21.01,0.00,2.20,-1,-0.0068,28.54,1
2026-07-29 13:09 ET,2026-07-29,EQT,5,3,0,2,4.42,-2.20,0.00,2.31,-1,-0.0068,52.79,1
2026-07-29 13:09 ET,2026-07-29,HON,5,3,1,1,6.91,9.76,0.00,1.94,-1,-0.0068,241.98,1
2026-07-29 13:09 ET,2026-07-29,PKG,5,2,1,2,10.59,5.91,0.00,2.45,-1,-0.0068,248.46,1
2026-07-29 13:09 ET,2026-07-29,TRV,3,1,0,1,5.61,18.24,0.00,2.39,-1,-0.0068,394.19,1
2026-07-29 13:09 ET,2026-07-29,BKR,4,1,1,2,7.47,9.17,0.00,2.27,-1,-0.0068,59.87,1
2026-07-29 13:09 ET,2026-07-29,GM,5,1,2,9,9.46,12.92,0.00,2.19,-1,-0.0068,89.85,1
2026-07-29 13:09 ET,2026-07-29,URI,3,1,0,0,10.72,-0.95,0.00,2.93,-1,-0.0068,1071.48,1
2026-07-29 15:05 ET,2026-07-29,SNDK,0,0,2,21,-19.58,-43.78,0.00,8.03,-1,-0.0068,1119.19,0
2026-07-29 15:05 ET,2026-07-29,SW,4,1,1,2,19.48,11.22,0.00,3.48,-1,-0.0068,48.28,1
2026-07-29 15:05 ET,2026-07-29,TSLA,0,0,2,17,-18.40,-26.48,0.00,4.25,-1,-0.0068,306.16,0
2026-07-29 15:05 ET,2026-07-29,SMCI,3,-1,2,19,16.90,1.64,0.00,5.84,-1,-0.0068,27.31,1
2026-07-29 15:05 ET,2026-07-29,SAP.DE,0,-2,0,0,16.73,18.84,0.00,3.60,-1,-0.0068,162.80,0
2026-07-29 15:05 ET,2026-07-29,CHRW,-3,-1,0,0,-16.69,-7.37,0.00,2.94,-1,-0.0068,171.07,1
2026-07-29 15:05 ET,2026-07-29,IP,3,1,0,1,16.67,11.31,0.00,3.20,-1,-0.0068,43.10,1
2026-07-29 15:05 ET,2026-07-29,ALLE,4,2,0,1,15.18,12.56,0.00,2.70,-1,-0.0068,158.04,1
2026-07-29 15:05 ET,2026-07-29,LITE,1,3,2,15,-15.00,-17.03,0.00,5.87,-1,-0.0068,633.50,0
2026-07-29 15:05 ET,2026-07-29,COHR,-5,-3,0,5,-14.47,-31.22,0.00,4.99,-1,-0.0068,233.10,1
2026-07-29 15:05 ET,2026-07-29,IFX.DE,-3,-1,0,0,-14.47,-29.26,0.00,3.78,-1,-0.0068,54.40,1
2026-07-29 15:05 ET,2026-07-29,LMT,2,-2,2,16,14.38,13.85,0.00,2.79,-1,-0.0068,573.98,0
2026-07-29 15:05 ET,2026-07-29,WAB,5,3,0,1,14.18,11.61,0.00,2.53,-1,-0.0068,296.78,1
2026-07-29 15:05 ET,2026-07-29,ROP,2,0,1,2,13.32,17.73,0.00,2.96,-1,-0.0068,405.65,0
2026-07-29 15:05 ET,2026-07-29,INTC,1,1,2,17,-13.07,-34.35,0.00,4.63,-1,-0.0068,86.53,0
2026-07-29 15:05 ET,2026-07-29,VRT,-2,-1,1,13,-13.05,-20.93,0.00,3.62,-1,-0.0068,231.57,0
2026-07-29 15:05 ET,2026-07-29,ENR.DE,-1,1,0,0,-12.80,-16.83,0.00,3.24,-1,-0.0068,135.68,0
2026-07-29 15:05 ET,2026-07-29,RTX,4,0,2,8,12.78,15.12,0.00,2.12,-1,-0.0068,218.70,1
2026-07-29 15:05 ET,2026-07-29,WDAY,1,-3,2,13,12.33,29.53,0.00,4.20,-1,-0.0068,167.43,0
2026-07-29 15:05 ET,2026-07-29,NUE,3,-1,2,10,12.18,17.44,0.00,1.82,-1,-0.0068,257.93,1
2026-07-29 15:05 ET,2026-07-29,DGX,4,1,1,2,12.09,9.83,0.00,2.33,-1,-0.0068,235.51,1
2026-07-29 15:05 ET,2026-07-29,GLW,-2,-2,2,12,-11.73,-43.88,0.00,4.97,-1,-0.0068,129.90,0
2026-07-29 15:05 ET,2026-07-29,TRMB,5,2,1,2,11.50,12.96,0.00,2.52,-1,-0.0068,58.90,1
2026-07-29 15:05 ET,2026-07-29,TYL,2,0,1,4,11.30,14.07,0.00,3.38,-1,-0.0068,337.04,0
2026-07-29 15:05 ET,2026-07-29,DLR,5,3,0,1,9.17,9.01,0.00,2.81,-1,-0.0068,190.35,1
2026-07-29 15:05 ET,2026-07-29,TRV,3,1,0,1,5.61,18.24,0.00,2.39,-1,-0.0068,392.03,1
2026-07-29 15:05 ET,2026-07-29,EQT,5,3,0,2,4.42,-2.20,0.00,2.31,-1,-0.0068,52.65,1
2026-07-29 15:05 ET,2026-07-29,T,5,2,2,10,9.70,19.55,0.00,1.62,-1,-0.0068,23.67,1
2026-07-29 15:05 ET,2026-07-29,PKG,5,2,1,2,10.59,5.91,0.00,2.45,-1,-0.0068,248.81,1
2026-07-29 15:05 ET,2026-07-29,HPQ,4,0,2,12,7.01,21.01,0.00,2.20,-1,-0.0068,28.76,1
2026-07-29 15:05 ET,2026-07-29,BKR,4,1,1,3,7.47,9.17,0.00,2.27,-1,-0.0068,60.26,1
2026-07-29 15:05 ET,2026-07-29,URI,3,1,0,0,10.72,-0.95,0.00,2.93,-1,-0.0068,1074.96,1
2026-07-29 15:05 ET,2026-07-29,GM,5,1,2,9,9.46,12.92,0.00,2.19,-1,-0.0068,90.98,1
2026-07-29 15:05 ET,2026-07-29,HON,5,3,1,1,6.91,9.76,0.00,1.94,-1,-0.0068,243.77,1
