Datum,Aktion,Kurs,Depot/Cash
2026-07-17,LONG AAPL (Score +4),333.26,10000.00
2026-07-17,SHORT EEM (Score -3),64.19,10000.00
2026-07-17,SHORT NVDA (Score -3),207.40,10000.00
2026-07-17,SHORT QQQ (Score -3),705.94,9992.50
2026-07-17,EXIT SHORT NVDA,207.40,12485.63
2026-07-17,SHORT SPY (Score -3),750.72,9987.50
2026-07-17,LEIHGEBÜHR EEM,64.19,14979.71,2026-07-17 08:39 ET,,-0.30
2026-07-17,LEIHGEBÜHR QQQ,705.94,14979.41,2026-07-17 08:39 ET,,-0.30
2026-07-17,LEIHGEBÜHR SPY,750.72,14979.11,2026-07-17 08:39 ET,,-0.30
2026-07-17,EXIT SHORT QQQ,696.65,12511.40,2026-07-17 11:49 ET,697.00,1.23
2026-07-17,EXIT SHORT SPY,745.40,10029.75,2026-07-17 11:49 ET,745.77,1.24
2026-07-17,LONG USO (Score +4),122.71,10061.39,2026-07-17 11:49 ET,122.77,1.26
2026-07-17,SHORT NVDA (Score -3),204.77,10061.39,2026-07-17 11:49 ET,204.67,1.26
2026-07-17,EXIT SHORT NVDA,202.18,7538.64,2026-07-17 15:12 ET,202.29,1.24
2026-07-17,SHORT QQQ (Score -5),695.74,10118.39,2026-07-17 15:12 ET,695.40,1.26
2026-07-17,AUFSTOCKEN LONG USO,123.88,9233.01,2026-07-17 15:24 ET,123.94,0.42
2026-07-17,AUFSTOCKEN SHORT QQQ,695.03,10076.35,2026-07-17 15:24 ET,694.69,0.42
2026-07-17,AUFSTOCKEN SHORT EEM,63.21,10985.01,2026-07-17 15:24 ET,63.17,0.45
2026-07-17,EXIT LONG AAPL,332.89,13479.74,2026-07-17 15:24 ET,332.72,1.25
2026-07-20,LEIHGEBÜHR EEM,63.29,13479.33,2026-07-20 09:11 ET,,-0.40
2026-07-20,LEIHGEBÜHR QQQ,695.33,13478.93,2026-07-20 09:11 ET,,-0.40
2026-07-20,AUFSTOCKEN SHORT EEM,64.04,15066.39,2026-07-20 09:35 ET,64.01,0.79
2026-07-20,AUFSTOCKEN LONG USO,123.60,13423.55,2026-07-20 09:35 ET,123.66,0.82
2026-07-20,EXIT SHORT QQQ,704.52,10002.92,2026-07-20 09:35 ET,704.87,1.71
2026-07-20,SHORT QQQ,700.32,13356.16,2026-07-20 10:14 ET,699.97,1.68
2026-07-20,REDUZIEREN LONG USO,124.75,15049.22,2026-07-20 10:14 ET,124.69,0.85
2026-07-20,LONG BTC-USD,64260.00,11689.26,2026-07-20 10:14 ET,64292.13,1.68
2026-07-20,EXIT SHORT EEM,63.78,6699.81,2026-07-20 10:14 ET,63.81,2.49
2026-07-20,SHORT EEM,64.15,10054.07,2026-07-20 12:07 ET,64.12,1.68
2026-07-20,EXIT SHORT QQQ,703.67,6678.03,2026-07-20 12:07 ET,704.02,1.69
2026-07-20,LONG AAPL,324.56,4149.71,2026-07-20 13:24 ET,324.72,1.26
2026-07-20,SHORT NVDA,203.80,6672.98,2026-07-20 13:24 ET,203.70,1.26
2026-07-20,REDUZIEREN SHORT EEM,63.94,5851.34,2026-07-20 13:24 ET,63.97,0.41
2026-07-20,REDUZIEREN LONG USO,124.66,6678.90,2026-07-20 13:24 ET,124.60,0.41
2026-07-20,EXIT LONG BTC-USD,65427.81,10093.08,2026-07-20 13:24 ET,65395.09,1.71
2026-07-20,SHORT SPY,745.02,12612.49,2026-07-20 14:15 ET,744.65,1.26
2026-07-20,LONG BTC-USD,65689.95,10088.04,2026-07-20 14:15 ET,65722.80,1.26
2026-07-20,EXIT SHORT NVDA,204.79,7547.43,2026-07-20 14:15 ET,204.89,1.27
2026-07-20,EXIT LONG USO,124.64,10070.29,2026-07-20 14:15 ET,124.58,1.26
2026-07-20,SHORT QQQ,697.45,11752.00,2026-07-20 15:08 ET,697.10,0.84
2026-07-20,SHORT NVDA,202.88,13433.72,2026-07-20 15:08 ET,202.77,0.84
2026-07-20,REDUZIEREN SHORT SPY,742.56,12602.68,2026-07-20 15:08 ET,742.93,0.42
2026-07-20,REDUZIEREN SHORT EEM,63.58,11773.47,2026-07-20 15:08 ET,63.62,0.41
2026-07-20,REDUZIEREN LONG AAPL,328.05,12642.12,2026-07-20 15:08 ET,327.88,0.43
2026-07-20,REDUZIEREN LONG BTC-USD,65184.69,13460.44,2026-07-20 15:08 ET,65152.10,0.41
2026-07-20,AUFSTOCKEN SHORT EEM,63.69,15134.15,2026-07-20 15:50 ET,63.66,0.84
2026-07-20,AUFSTOCKEN LONG AAPL,327.43,13451.02,2026-07-20 15:50 ET,327.59,0.84
2026-07-20,AUFSTOCKEN LONG BTC-USD,65061.21,11767.85,2026-07-20 15:50 ET,65093.74,0.84
2026-07-20,EXIT SHORT SPY,742.47,10082.97,2026-07-20 15:50 ET,742.84,0.84
2026-07-20,EXIT SHORT QQQ,697.13,8398.67,2026-07-20 15:50 ET,697.48,0.84
2026-07-20,EXIT SHORT NVDA,202.91,6713.30,2026-07-20 15:50 ET,203.01,0.84
2026-07-21,LEIHGEBÜHR EEM,63.56,6712.90,2026-07-21 03:26 ET,,-0.40
2026-07-21,LONG USO,128.21,-3371.86,2026-07-21 11:18 ET,128.27,5.04
2026-07-21,EXIT SHORT EEM,65.30,-6821.71,2026-07-21 11:18 ET,65.33,1.72
2026-07-21,EXIT LONG AAPL,327.45,-3463.17,2026-07-21 11:18 ET,327.29,1.68
2026-07-21,EXIT LONG BTC-USD,66698.44,-20.33,2026-07-21 11:18 ET,66665.09,1.72
2026-07-21,LONG AAPL,328.76,-3376.18,2026-07-21 12:08 ET,328.92,1.68
2026-07-21,SHORT NVDA,206.34,-27.04,2026-07-21 12:08 ET,206.23,1.68
2026-07-21,LONG BTC-USD,66607.52,-3382.89,2026-07-21 12:08 ET,66640.83,1.68
2026-07-21,EXIT LONG USO,128.25,6684.86,2026-07-21 12:08 ET,128.19,5.04
2026-07-21,SHORT SPY,748.62,16714.94,2026-07-21 13:08 ET,748.25,5.02
2026-07-21,EXIT LONG AAPL,328.38,20060.21,2026-07-21 13:08 ET,328.22,1.67
2026-07-21,EXIT LONG BTC-USD,66450.16,23401.45,2026-07-21 13:08 ET,66416.93,1.67
2026-07-21,EXIT SHORT NVDA,205.44,20060.15,2026-07-21 13:08 ET,205.54,1.67
2026-07-21,LONG GLD,373.57,10027.00,2026-07-21 14:11 ET,373.75,5.01
2026-07-21,EXIT SHORT SPY,748.39,-20.07,2026-07-21 14:11 ET,748.76,5.02
2026-07-21,REDUZIEREN LONG GLD,374.65,5011.12,2026-07-21 15:01 ET,374.47,2.52
2026-07-21,LONG USO,128.58,-10.05,2026-07-21 15:01 ET,128.64,2.51
2026-07-21,SHORT QQQ,708.76,3330.16,2026-07-21 15:14 ET,708.41,1.67
2026-07-21,REDUZIEREN LONG GLD,374.38,4997.41,2026-07-21 15:14 ET,374.19,0.83
2026-07-21,REDUZIEREN LONG USO,128.89,6680.42,2026-07-21 15:14 ET,128.83,0.84
2026-07-22,LEIHGEBÜHR QQQ,708.41,6680.02,2026-07-22 03:17 ET,,-0.40
2026-07-23,LEIHGEBÜHR QQQ,708.41,6679.62,2026-07-23 04:16 ET,,-0.40
2026-07-23,LONG TRV,377.79,5735.57,2026-07-23 11:04 ET,377.98,0.47
2026-07-23,LONG LITE,844.13,4791.52,2026-07-23 11:04 ET,844.55,0.47
2026-07-23,LONG ABT,101.43,3847.47,2026-07-23 11:04 ET,101.48,0.47
2026-07-23,SHORT CVNA,60.90,4789.63,2026-07-23 11:04 ET,60.86,0.47
2026-07-23,LONG EQT,54.28,3845.58,2026-07-23 11:04 ET,54.30,0.47
2026-07-23,LONG TER,370.43,2901.53,2026-07-23 11:04 ET,370.62,0.47
2026-07-23,SHORT CDNS,334.61,3843.69,2026-07-23 11:04 ET,334.44,0.47
2026-07-23,SHORT AXON,490.12,4785.86,2026-07-23 11:04 ET,489.87,0.47
2026-07-23,SHORT SNPS,373.73,5728.02,2026-07-23 11:04 ET,373.54,0.47
2026-07-23,LONG CF,128.43,4783.97,2026-07-23 11:04 ET,128.49,0.47
2026-07-23,LONG STX,920.60,3839.92,2026-07-23 11:04 ET,921.06,0.47
2026-07-23,EXIT LONG GLD,372.12,7159.97,2026-07-23 11:04 ET,371.93,1.66
2026-07-23,EXIT LONG USO,139.99,10787.83,2026-07-23 11:04 ET,139.92,1.81
2026-07-23,EXIT SHORT QQQ,691.11,7524.28,2026-07-23 11:04 ET,691.46,1.63
2026-07-23,REDUZIEREN LONG LITE,847.10,7675.95,2026-07-23 13:14 ET,846.68,0.08
2026-07-23,REDUZIEREN LONG EQT,53.64,7813.29,2026-07-23 13:14 ET,53.61,0.07
2026-07-23,REDUZIEREN LONG TRV,377.36,7960.57,2026-07-23 13:14 ET,377.17,0.07
2026-07-23,REDUZIEREN LONG ABT,100.31,8098.53,2026-07-23 13:14 ET,100.26,0.07
2026-07-23,REDUZIEREN SHORT CVNA,60.65,7953.67,2026-07-23 13:14 ET,60.68,0.07
2026-07-23,SHORT PTC,112.99,8747.48,2026-07-23 13:14 ET,112.93,0.40
2026-07-23,LONG SMCI,32.21,7952.08,2026-07-23 13:14 ET,32.22,0.40
2026-07-23,REDUZIEREN SHORT SNPS,374.00,7802.74,2026-07-23 13:14 ET,374.19,0.07
2026-07-23,REDUZIEREN LONG STX,924.72,7955.31,2026-07-23 13:14 ET,924.25,0.08
2026-07-23,REDUZIEREN SHORT CDNS,333.51,7809.75,2026-07-23 13:14 ET,333.68,0.07
2026-07-23,REDUZIEREN SHORT AXON,493.22,7655.12,2026-07-23 13:14 ET,493.47,0.08
2026-07-23,REDUZIEREN LONG CF,125.95,7785.29,2026-07-23 13:14 ET,125.89,0.07
2026-07-23,REDUZIEREN LONG TER,374.05,7942.83,2026-07-23 13:14 ET,373.86,0.08
2026-07-23,LONG WAB,295.58,7206.64,2026-07-23 15:06 ET,295.73,0.37
2026-07-24,LEIHGEBÜHR CVNA,60.19,7206.55,2026-07-24 05:29 ET,,-0.09
2026-07-24,LEIHGEBÜHR CDNS,330.46,7206.45,2026-07-24 05:29 ET,,-0.09
2026-07-24,LEIHGEBÜHR AXON,491.90,7206.36,2026-07-24 05:29 ET,,-0.09
2026-07-24,LEIHGEBÜHR SNPS,373.52,7206.26,2026-07-24 05:29 ET,,-0.09
2026-07-24,LEIHGEBÜHR PTC,113.05,7206.17,2026-07-24 05:29 ET,,-0.09
2026-07-24,REDUZIEREN LONG LITE,774.60,7333.36,2026-07-24 10:50 ET,774.21,0.06
2026-07-24,LONG MU,923.86,6733.49,2026-07-24 10:50 ET,924.32,0.30
2026-07-24,LONG COHR,286.07,6133.61,2026-07-24 10:50 ET,286.21,0.30
2026-07-24,LONG ALLE,154.52,5533.74,2026-07-24 10:50 ET,154.60,0.30
2026-07-24,REDUZIEREN LONG EQT,54.19,5737.01,2026-07-24 10:50 ET,54.16,0.10
2026-07-24,SHORT TSLA,312.75,6335.68,2026-07-24 10:50 ET,312.59,0.30
2026-07-24,LONG SNDK,1460.22,5735.81,2026-07-24 10:50 ET,1460.95,0.30
2026-07-24,LONG DELL,443.13,5135.94,2026-07-24 10:50 ET,443.35,0.30
2026-07-24,SHORT WDAY,132.73,5734.61,2026-07-24 10:50 ET,132.66,0.30
2026-07-24,REDUZIEREN SHORT PTC,116.57,5513.88,2026-07-24 10:50 ET,116.63,0.11
2026-07-24,REDUZIEREN LONG SMCI,29.88,5651.59,2026-07-24 10:50 ET,29.86,0.07
2026-07-24,SHORT ISRG,338.60,6250.26,2026-07-24 10:50 ET,338.43,0.30
2026-07-24,REDUZIEREN SHORT CVNA,59.64,6067.98,2026-07-24 10:50 ET,59.67,0.09
2026-07-24,SHORT ROL,38.49,6666.66,2026-07-24 10:50 ET,38.47,0.30
2026-07-24,REDUZIEREN LONG TRV,385.01,6877.88,2026-07-24 10:50 ET,384.82,0.11
2026-07-24,REDUZIEREN LONG CF,125.47,7069.99,2026-07-24 10:50 ET,125.41,0.10
2026-07-24,REDUZIEREN SHORT CDNS,328.67,6886.01,2026-07-24 10:50 ET,328.83,0.09
2026-07-24,EXIT LONG TER,357.77,7645.28,2026-07-24 10:50 ET,357.59,0.38
2026-07-24,EXIT LONG WAB,300.18,8391.43,2026-07-24 10:50 ET,300.03,0.37
2026-07-24,EXIT SHORT SNPS,371.23,7601.93,2026-07-24 10:50 ET,371.41,0.39
2026-07-24,EXIT SHORT AXON,491.87,6808.71,2026-07-24 10:50 ET,492.12,0.40
2026-07-24,EXIT LONG ABT,103.25,7625.83,2026-07-24 10:50 ET,103.20,0.41
2026-07-24,EXIT LONG STX,876.59,8378.32,2026-07-24 10:50 ET,876.15,0.38
2026-07-24,AUFSTOCKEN LONG LITE,777.15,8299.36,2026-07-24 12:34 ET,777.54,0.04
2026-07-24,AUFSTOCKEN LONG COHR,289.66,8225.95,2026-07-24 12:34 ET,289.80,0.04
2026-07-24,AUFSTOCKEN LONG ALLE,154.79,8146.03,2026-07-24 12:34 ET,154.86,0.04
2026-07-24,AUFSTOCKEN SHORT TSLA,310.20,8231.67,2026-07-24 12:34 ET,310.05,0.04
2026-07-24,AUFSTOCKEN LONG MU,941.72,8162.34,2026-07-24 12:34 ET,942.19,0.03
2026-07-24,AUFSTOCKEN LONG DELL,448.95,8089.27,2026-07-24 12:34 ET,449.17,0.04
2026-07-24,AUFSTOCKEN SHORT WDAY,134.05,8164.07,2026-07-24 12:34 ET,133.98,0.04
2026-07-24,AUFSTOCKEN LONG TRV,386.47,8085.41,2026-07-24 12:34 ET,386.66,0.04
2026-07-24,AUFSTOCKEN SHORT PTC,118.18,8157.92,2026-07-24 12:34 ET,118.12,0.04
2026-07-24,AUFSTOCKEN LONG EQT,53.31,8067.19,2026-07-24 12:34 ET,53.33,0.05
2026-07-24,AUFSTOCKEN SHORT CVNA,60.59,8138.42,2026-07-24 12:34 ET,60.56,0.04
2026-07-24,AUFSTOCKEN SHORT ROL,38.87,8213.29,2026-07-24 12:34 ET,38.85,0.04
2026-07-24,LONG MRVL,198.70,7532.48,2026-07-24 12:34 ET,198.80,0.34
2026-07-24,AUFSTOCKEN LONG CF,124.27,7445.81,2026-07-24 12:34 ET,124.33,0.04
2026-07-24,EXIT SHORT CDNS,332.89,6838.22,2026-07-24 12:34 ET,333.06,0.30
2026-07-24,EXIT SHORT ISRG,340.10,6235.70,2026-07-24 12:34 ET,340.27,0.30
2026-07-24,EXIT LONG SNDK,1503.06,6851.94,2026-07-24 12:34 ET,1502.31,0.31
2026-07-24,LONG SNDK,1461.16,6174.60,2026-07-24 14:14 ET,1461.89,0.34
2026-07-24,EXIT LONG MRVL,196.01,6844.86,2026-07-24 14:14 ET,195.92,0.34
2026-07-27,LEIHGEBÜHR CVNA,62.83,6844.78,2026-07-27 11:39 ET,,-0.08
2026-07-27,LEIHGEBÜHR PTC,124.22,6844.69,2026-07-27 11:39 ET,,-0.09
2026-07-27,LEIHGEBÜHR TSLA,308.28,6844.61,2026-07-27 11:39 ET,,-0.08
2026-07-27,LEIHGEBÜHR WDAY,147.76,6844.52,2026-07-27 11:39 ET,,-0.09
2026-07-27,LEIHGEBÜHR ROL,39.47,6844.44,2026-07-27 11:39 ET,,-0.08
2026-07-27,REDUZIEREN LONG SMCI,28.80,6983.08,2026-07-27 11:39 ET,28.78,0.07
2026-07-27,LONG WDC,482.34,6543.80,2026-07-27 11:39 ET,482.58,0.22
2026-07-27,LONG STX,791.34,6104.52,2026-07-27 11:39 ET,791.74,0.22
2026-07-27,REDUZIEREN LONG SNDK,1263.51,6250.68,2026-07-27 11:39 ET,1262.88,0.07
2026-07-27,REDUZIEREN LONG EQT,52.38,6480.00,2026-07-27 11:39 ET,52.36,0.11
2026-07-27,REDUZIEREN LONG LITE,701.95,6655.30,2026-07-27 11:39 ET,701.60,0.09
2026-07-27,REDUZIEREN LONG COHR,257.79,6821.59,2026-07-27 11:39 ET,257.66,0.08
2026-07-27,LONG DLR,193.87,6382.31,2026-07-27 11:39 ET,193.97,0.22
2026-07-27,LONG LMT,581.99,5943.03,2026-07-27 11:39 ET,582.28,0.22
2026-07-27,REDUZIEREN LONG ALLE,156.43,6191.28,2026-07-27 11:39 ET,156.35,0.12
2026-07-27,REDUZIEREN LONG DELL,418.74,6386.62,2026-07-27 11:39 ET,418.53,0.10
2026-07-27,LONG HON,243.56,5947.34,2026-07-27 11:39 ET,243.68,0.22
2026-07-27,REDUZIEREN LONG TRV,390.65,6195.74,2026-07-27 11:39 ET,390.45,0.12
2026-07-27,REDUZIEREN SHORT PTC,124.22,5919.41,2026-07-27 11:39 ET,124.28,0.14
2026-07-27,REDUZIEREN SHORT TSLA,308.28,5682.11,2026-07-27 11:39 ET,308.43,0.12
2026-07-27,LONG WAB,294.48,5242.83,2026-07-27 11:39 ET,294.63,0.22
2026-07-27,LONG MRVL,184.37,4803.55,2026-07-27 11:39 ET,184.46,0.22
2026-07-27,SHORT CHRW,177.18,5241.95,2026-07-27 11:39 ET,177.09,0.22
2026-07-27,LONG FIX,1663.21,4802.68,2026-07-27 11:39 ET,1664.04,0.22
2026-07-27,REDUZIEREN SHORT WDAY,147.76,4491.51,2026-07-27 11:39 ET,147.83,0.16
2026-07-27,REDUZIEREN LONG MU,866.82,4678.52,2026-07-27 11:39 ET,866.39,0.09
2026-07-27,REDUZIEREN LONG CF,120.67,4899.86,2026-07-27 11:39 ET,120.60,0.11
2026-07-27,EXIT SHORT CVNA,62.83,4193.89,2026-07-27 11:39 ET,62.86,0.35
2026-07-27,EXIT SHORT ROL,39.47,3502.57,2026-07-27 11:39 ET,39.49,0.35
2026-07-27,LONG T,24.49,3098.78,2026-07-27 13:38 ET,24.50,0.20
2026-07-27,REDUZIEREN LONG WDC,489.87,3141.04,2026-07-27 13:38 ET,489.63,0.02
2026-07-27,REDUZIEREN LONG STX,803.01,3182.91,2026-07-27 13:38 ET,802.61,0.02
2026-07-27,LONG PKG,250.81,2779.12,2026-07-27 13:38 ET,250.94,0.20
2026-07-27,LONG SLB,52.38,2375.33,2026-07-27 13:38 ET,52.41,0.20
2026-07-27,LONG RTX,218.98,1971.54,2026-07-27 13:38 ET,219.09,0.20
2026-07-27,REDUZIEREN LONG FIX,1688.67,2013.66,2026-07-27 13:38 ET,1687.82,0.02
2026-07-27,EXIT SHORT WDAY,149.43,1569.42,2026-07-27 13:38 ET,149.50,0.22
2026-07-27,EXIT SHORT TSLA,308.24,1130.20,2026-07-27 13:38 ET,308.39,0.22
2026-07-27,EXIT LONG SNDK,1275.50,1572.76,2026-07-27 15:19 ET,1274.86,0.22
2026-07-28,LEIHGEBÜHR PTC,125.21,1572.71,2026-07-28 03:44 ET,,-0.05
2026-07-28,LEIHGEBÜHR CHRW,174.46,1572.66,2026-07-28 03:44 ET,,-0.05
2026-07-28,REDUZIEREN LONG WAB,302.12,1795.47,2026-07-28 11:15 ET,301.97,0.11
2026-07-28,REDUZIEREN LONG LMT,579.89,2005.34,2026-07-28 11:15 ET,579.60,0.10
2026-07-28,REDUZIEREN LONG T,24.83,2186.96,2026-07-28 11:15 ET,24.82,0.09
2026-07-28,REDUZIEREN LONG EQT,51.79,2393.42,2026-07-28 11:15 ET,51.76,0.10
2026-07-28,REDUZIEREN LONG HON,247.26,2611.52,2026-07-28 11:15 ET,247.14,0.11
2026-07-28,REDUZIEREN LONG ALLE,162.43,2839.78,2026-07-28 11:15 ET,162.34,0.11
2026-07-28,REDUZIEREN LONG RTX,216.83,3011.85,2026-07-28 11:15 ET,216.72,0.09
2026-07-28,REDUZIEREN LONG DLR,195.68,3227.38,2026-07-28 11:15 ET,195.58,0.11
2026-07-28,REDUZIEREN LONG PKG,255.87,3411.54,2026-07-28 11:15 ET,255.74,0.09
2026-07-28,LONG BKR,58.74,3184.13,2026-07-28 11:15 ET,58.77,0.11
2026-07-28,REDUZIEREN LONG TRV,398.33,3404.19,2026-07-28 11:15 ET,398.14,0.11
2026-07-28,REDUZIEREN LONG SMCI,27.87,3601.55,2026-07-28 11:15 ET,27.86,0.10
2026-07-28,LONG IP,44.46,3374.14,2026-07-28 11:15 ET,44.48,0.11
2026-07-28,LONG SW,51.46,3146.73,2026-07-28 11:15 ET,51.48,0.11
2026-07-28,AUFSTOCKEN SHORT CHRW,171.61,3216.20,2026-07-28 11:15 ET,171.52,0.03
2026-07-28,LONG GM,89.60,2988.79,2026-07-28 11:15 ET,89.64,0.11
2026-07-28,LONG DGX,237.04,2761.38,2026-07-28 11:15 ET,237.16,0.11
2026-07-28,REDUZIEREN LONG SLB,51.25,2928.68,2026-07-28 11:15 ET,51.22,0.08
2026-07-28,SHORT COHR,234.09,3820.86,2026-07-28 11:15 ET,233.97,0.45
2026-07-28,EXIT LONG DELL,373.42,4211.81,2026-07-28 11:15 ET,373.23,0.20
2026-07-28,EXIT LONG MU,811.62,4622.29,2026-07-28 11:15 ET,811.21,0.21
2026-07-28,EXIT LONG STX,719.79,4983.52,2026-07-28 11:15 ET,719.43,0.18
2026-07-28,EXIT LONG LITE,624.99,5373.85,2026-07-28 11:15 ET,624.68,0.20
2026-07-28,EXIT LONG FIX,1580.72,5751.07,2026-07-28 11:15 ET,1579.93,0.19
2026-07-28,EXIT SHORT PTC,129.42,5293.41,2026-07-28 11:15 ET,129.48,0.23
2026-07-28,EXIT LONG MRVL,175.69,5711.17,2026-07-28 11:15 ET,175.60,0.21
2026-07-28,EXIT LONG CF,122.43,6155.98,2026-07-28 11:15 ET,122.37,0.22
2026-07-28,EXIT LONG WDC,437.53,6515.90,2026-07-28 11:15 ET,437.31,0.18
2026-07-28,REDUZIEREN LONG WAB,304.96,6540.28,2026-07-28 13:22 ET,304.81,0.01
2026-07-28,REDUZIEREN LONG LMT,577.29,6561.51,2026-07-28 13:22 ET,577.00,0.01
2026-07-28,REDUZIEREN LONG RTX,217.12,6584.05,2026-07-28 13:22 ET,217.01,0.01
2026-07-28,REDUZIEREN LONG T,24.78,6605.88,2026-07-28 13:22 ET,24.77,0.01
2026-07-28,REDUZIEREN LONG HON,248.15,6628.94,2026-07-28 13:22 ET,248.03,0.01
2026-07-28,REDUZIEREN LONG EQT,51.43,6649.62,2026-07-28 13:22 ET,51.41,0.01
2026-07-28,REDUZIEREN LONG GM,90.24,6673.49,2026-07-28 13:22 ET,90.19,0.01
2026-07-28,REDUZIEREN LONG ALLE,161.80,6694.86,2026-07-28 13:22 ET,161.72,0.01
2026-07-28,LONG DELL,384.31,6489.74,2026-07-28 13:22 ET,384.50,0.10
2026-07-28,REDUZIEREN LONG PKG,254.38,6510.66,2026-07-28 13:22 ET,254.25,0.01
2026-07-28,REDUZIEREN LONG TRV,395.36,6531.20,2026-07-28 13:22 ET,395.16,0.01
2026-07-28,REDUZIEREN LONG SMCI,28.41,6557.84,2026-07-28 13:22 ET,28.40,0.01
2026-07-28,SHORT TSLA,307.00,7003.50,2026-07-28 13:22 ET,306.85,0.22
2026-07-28,REDUZIEREN LONG SW,51.44,7025.70,2026-07-28 13:22 ET,51.42,0.01
2026-07-28,REDUZIEREN LONG DGX,236.79,7047.70,2026-07-28 13:22 ET,236.67,0.01
2026-07-28,LONG URI,1112.15,6842.57,2026-07-28 13:22 ET,1112.70,0.10
2026-07-28,REDUZIEREN LONG DLR,195.06,6864.10,2026-07-28 13:22 ET,194.96,0.01
2026-07-28,REDUZIEREN SHORT COHR,242.24,6798.35,2026-07-28 13:22 ET,242.36,0.03
2026-07-28,EXIT LONG SLB,50.23,7020.79,2026-07-28 13:22 ET,50.20,0.11
2026-07-28,REDUZIEREN LONG BKR,58.28,7041.40,2026-07-28 15:15 ET,58.25,0.01
2026-07-28,LONG HPQ,28.23,6836.44,2026-07-28 15:15 ET,28.24,0.10
2026-07-28,REDUZIEREN SHORT CHRW,170.96,6789.44,2026-07-28 15:15 ET,171.05,0.02
2026-07-28,EXIT SHORT TSLA,305.96,6344.39,2026-07-28 15:15 ET,306.12,0.22
2026-07-29,LEIHGEBÜHR COHR,228.41,6344.34,2026-07-29 11:06 ET,,-0.05
2026-07-29,LEIHGEBÜHR CHRW,165.95,6344.28,2026-07-29 11:06 ET,,-0.05
2026-07-29,LONG TRMB,58.16,6137.45,2026-07-29 11:06 ET,58.19,0.10
2026-07-29,SHORT SNDK,1022.55,6581.82,2026-07-29 11:06 ET,1022.04,0.22
2026-07-29,LONG NUE,257.69,6374.99,2026-07-29 11:06 ET,257.82,0.10
2026-07-29,EXIT LONG LMT,575.55,6579.09,2026-07-29 11:06 ET,575.26,0.10
2026-07-29,EXIT LONG DELL,378.22,6780.56,2026-07-29 11:06 ET,378.03,0.10
2026-07-29,EXIT LONG SMCI,27.03,6975.33,2026-07-29 11:06 ET,27.02,0.10
2026-07-29,LONG SMCI,26.78,6778.05,2026-07-29 13:09 ET,26.79,0.10
2026-07-29,REDUZIEREN LONG IP,42.83,6799.80,2026-07-29 13:09 ET,42.81,0.01
2026-07-29,SHORT IFX.DE,54.40,7223.64,2026-07-29 13:09 ET,54.37,0.21
2026-07-29,EXIT SHORT SNDK,1044.00,6769.05,2026-07-29 13:09 ET,1044.52,0.23
2026-07-30,LEIHGEBÜHR COHR,222.05,6769.00,2026-07-30 05:10 ET,,-0.05
2026-07-30,LEIHGEBÜHR CHRW,173.75,6768.94,2026-07-30 05:10 ET,,-0.05
2026-07-30,LEIHGEBÜHR IFX.DE,54.48,6768.89,2026-07-30 05:10 ET,,-0.05
2026-07-30,REDUZIEREN LONG PKG,245.62,6948.07,2026-07-30 11:07 ET,245.50,0.09
2026-07-30,REDUZIEREN LONG DLR,192.02,7131.10,2026-07-30 11:07 ET,191.92,0.09
2026-07-30,REDUZIEREN LONG T,23.22,7304.35,2026-07-30 11:07 ET,23.20,0.09
2026-07-30,REDUZIEREN LONG HON,237.83,7482.06,2026-07-30 11:07 ET,237.71,0.09
2026-07-30,LONG ACN,162.18,7463.52,2026-07-30 11:07 ET,162.27,0.01
2026-07-30,LONG GRMN,289.65,7444.99,2026-07-30 11:07 ET,289.80,0.01
2026-07-30,SHORT TSLA,305.49,8366.35,2026-07-30 11:07 ET,305.34,0.46
2026-07-30,REDUZIEREN LONG SW,47.26,8535.89,2026-07-30 11:07 ET,47.23,0.08
2026-07-30,REDUZIEREN LONG ALLE,153.74,8711.92,2026-07-30 11:07 ET,153.66,0.09
2026-07-30,REDUZIEREN LONG TRMB,55.87,8891.71,2026-07-30 11:07 ET,55.84,0.09
2026-07-30,EXIT SHORT COHR,246.77,8436.81,2026-07-30 11:07 ET,246.89,0.23
2026-07-30,EXIT SHORT IFX.DE,60.02,7968.24,2026-07-30 11:07 ET,60.05,0.23
2026-07-30,EXIT LONG WAB,288.11,8161.64,2026-07-30 11:07 ET,287.97,0.10
2026-07-30,EXIT LONG RTX,210.79,8360.39,2026-07-30 11:07 ET,210.68,0.10
2026-07-30,EXIT LONG IP,42.93,8557.73,2026-07-30 11:07 ET,42.91,0.10
2026-07-30,EXIT LONG URI,1057.72,8752.43,2026-07-30 11:07 ET,1057.20,0.10
2026-07-30,EXIT LONG DGX,231.91,8952.92,2026-07-30 11:07 ET,231.79,0.10
2026-07-30,EXIT LONG SMCI,28.06,9159.18,2026-07-30 11:07 ET,28.04,0.10
2026-07-30,EXIT LONG (Haltedauer) TRV,371.24,9351.41,2026-07-30 11:07 ET,371.05,0.10
2026-07-30,EXIT LONG GM,86.95,9548.66,2026-07-30 11:07 ET,86.91,0.10
2026-07-30,EXIT SHORT CHRW,148.04,9162.27,2026-07-30 11:07 ET,148.12,0.19
2026-07-30,EXIT LONG HPQ,26.36,9353.31,2026-07-30 11:07 ET,26.35,0.10
2026-07-30,EXIT LONG NUE,256.18,9558.51,2026-07-30 11:07 ET,256.05,0.10
2026-07-30,EXIT LONG BKR,59.41,9767.05,2026-07-30 11:07 ET,59.38,0.10
2026-07-30,EXIT LONG (Haltedauer) EQT,51.62,9972.51,2026-07-30 11:07 ET,51.59,0.10
2026-07-30,AUFSTOCKEN LONG SW,47.15,9970.42,2026-07-30 13:20 ET,47.17,0.00
2026-07-30,EXIT SHORT TSLA,306.46,9044.31,2026-07-30 13:20 ET,306.61,0.46
2026-07-31,LONG NOW,109.44,8742.93,2026-07-31 11:15 ET,109.49,0.15
2026-07-31,SHORT MU,839.65,9509.92,2026-07-31 11:15 ET,839.23,0.38
2026-07-31,AUFSTOCKEN LONG PKG,244.65,9226.99,2026-07-31 11:15 ET,244.77,0.14
2026-07-31,LONG CTSH,53.62,8925.61,2026-07-31 11:15 ET,53.65,0.15
2026-07-31,AUFSTOCKEN LONG GRMN,293.70,8643.02,2026-07-31 11:15 ET,293.85,0.14
2026-07-31,LONG BAX,26.32,8341.64,2026-07-31 11:15 ET,26.33,0.15
2026-07-31,LONG CMG,37.52,8040.26,2026-07-31 11:15 ET,37.54,0.15
2026-07-31,SHORT LII,421.14,8807.25,2026-07-31 11:15 ET,420.93,0.38
2026-07-31,AUFSTOCKEN LONG TRMB,56.07,8524.46,2026-07-31 11:15 ET,56.10,0.14
2026-07-31,AUFSTOCKEN LONG SW,45.57,8242.97,2026-07-31 11:15 ET,45.59,0.14
2026-07-31,AUFSTOCKEN LONG DLR,190.62,7959.98,2026-07-31 11:15 ET,190.72,0.14
2026-07-31,AUFSTOCKEN LONG ACN,161.77,7677.08,2026-07-31 11:15 ET,161.86,0.14
2026-07-31,EXIT LONG (Haltedauer) ALLE,156.56,7695.91,2026-07-31 11:15 ET,156.48,0.01
2026-07-31,EXIT LONG T,23.32,7714.49,2026-07-31 11:15 ET,23.30,0.01
2026-07-31,EXIT LONG HON,242.23,7733.32,2026-07-31 11:15 ET,242.10,0.01
2026-07-31,REDUZIEREN LONG GRMN,295.13,7777.28,2026-07-31 13:24 ET,294.98,0.02
2026-07-31,REDUZIEREN LONG NOW,111.10,7824.33,2026-07-31 13:24 ET,111.04,0.02
2026-07-31,LONG WTW,334.41,7565.52,2026-07-31 13:24 ET,334.58,0.13
2026-07-31,LONG CRM,183.51,7306.71,2026-07-31 13:24 ET,183.60,0.13
2026-07-31,REDUZIEREN LONG PKG,246.25,7351.18,2026-07-31 13:24 ET,246.13,0.02
2026-07-31,REDUZIEREN LONG CTSH,55.05,7401.69,2026-07-31 13:24 ET,55.02,0.03
2026-07-31,REDUZIEREN LONG BAX,26.16,7442.35,2026-07-31 13:24 ET,26.14,0.02
2026-07-31,REDUZIEREN SHORT LII,421.79,7332.61,2026-07-31 13:24 ET,422.00,0.05
2026-07-31,LONG MSFT,463.23,7073.81,2026-07-31 13:24 ET,463.47,0.13
2026-07-31,REDUZIEREN LONG ACN,165.84,7123.85,2026-07-31 13:24 ET,165.76,0.03
2026-07-31,LONG FIS,44.74,6865.05,2026-07-31 13:24 ET,44.77,0.13
2026-07-31,REDUZIEREN LONG SW,45.88,6909.61,2026-07-31 13:24 ET,45.86,0.02
2026-07-31,REDUZIEREN LONG TRMB,56.91,6956.61,2026-07-31 13:24 ET,56.88,0.02
2026-07-31,REDUZIEREN LONG DLR,190.35,6998.68,2026-07-31 13:24 ET,190.26,0.02
2026-07-31,EXIT LONG CMG,37.63,7300.34,2026-07-31 13:24 ET,37.61,0.15
2026-07-31,EXIT SHORT MU,846.25,6525.77,2026-07-31 13:24 ET,846.68,0.39
2026-08-03,LEIHGEBÜHR LII,424.62,6525.69,2026-08-03 11:40 ET,,-0.08
2026-08-03,AUFSTOCKEN LONG MSFT,487.60,6407.90,2026-08-03 11:40 ET,487.84,0.06
2026-08-03,AUFSTOCKEN LONG WTW,339.22,6280.22,2026-08-03 11:40 ET,339.39,0.06
2026-08-03,AUFSTOCKEN LONG GRMN,300.89,6153.86,2026-08-03 11:40 ET,301.04,0.06
2026-08-03,LONG CHTR,148.27,5763.65,2026-08-03 11:40 ET,148.34,0.20
2026-08-03,LONG ZBRA,291.58,5373.43,2026-08-03 11:40 ET,291.73,0.20
2026-08-03,AUFSTOCKEN LONG TRMB,57.55,5244.94,2026-08-03 11:40 ET,57.58,0.06
2026-08-03,EXIT LONG NOW,115.15,5512.65,2026-08-03 11:40 ET,115.10,0.13
2026-08-03,EXIT LONG FIS,45.35,5774.44,2026-08-03 11:40 ET,45.33,0.13
2026-08-03,EXIT SHORT LII,424.62,5110.03,2026-08-03 11:40 ET,424.84,0.33
2026-08-03,EXIT LONG CTSH,55.58,5370.83,2026-08-03 11:40 ET,55.56,0.13
2026-08-03,EXIT LONG BAX,27.77,5645.07,2026-08-03 11:40 ET,27.76,0.14
2026-08-03,EXIT LONG ACN,166.03,5903.66,2026-08-03 11:40 ET,165.95,0.13
2026-08-03,EXIT LONG CRM,189.31,6170.11,2026-08-03 11:40 ET,189.22,0.13
2026-08-03,EXIT LONG (Haltedauer) PKG,246.28,6428.43,2026-08-03 11:40 ET,246.16,0.13
2026-08-03,EXIT LONG SW,45.66,6685.45,2026-08-03 11:40 ET,45.64,0.13
2026-08-03,EXIT LONG (Haltedauer) DLR,191.41,6945.18,2026-08-03 11:40 ET,191.32,0.13
2026-08-03,LONG AMZN,284.25,6555.66,2026-08-03 13:46 ET,284.39,0.19
2026-08-03,LONG ORCL,140.01,6166.15,2026-08-03 13:46 ET,140.08,0.19
2026-08-04,AUFSTOCKEN LONG GRMN,302.18,5887.90,2026-08-04 11:21 ET,302.34,0.14
2026-08-04,AUFSTOCKEN LONG MSFT,498.55,5616.74,2026-08-04 11:21 ET,498.79,0.14
2026-08-04,AUFSTOCKEN LONG AMZN,276.83,5325.96,2026-08-04 11:21 ET,276.97,0.15
2026-08-04,AUFSTOCKEN LONG ORCL,144.03,5056.52,2026-08-04 11:21 ET,144.10,0.13
2026-08-04,LONG FSLR,233.67,4386.38,2026-08-04 11:21 ET,233.79,0.33
2026-08-04,LONG GOOGL,376.46,3716.25,2026-08-04 11:21 ET,376.65,0.33
2026-08-04,LONG GOOG,373.95,3046.11,2026-08-04 11:21 ET,374.14,0.33
2026-08-04,AUFSTOCKEN LONG WTW,339.60,2766.62,2026-08-04 11:21 ET,339.77,0.14
2026-08-04,LONG CRWD,209.96,2096.48,2026-08-04 11:21 ET,210.06,0.33
2026-08-04,AUFSTOCKEN LONG CHTR,146.00,1810.59,2026-08-04 11:21 ET,146.07,0.14
2026-08-04,AUFSTOCKEN LONG ZBRA,348.36,1606.64,2026-08-04 11:21 ET,348.53,0.10
2026-08-04,LONG DXCM,87.07,936.50,2026-08-04 11:21 ET,87.11,0.33
2026-08-04,LONG CMG,37.15,266.37,2026-08-04 11:21 ET,37.17,0.33
2026-08-04,AUFSTOCKEN LONG TRMB,58.64,-6.17,2026-08-04 11:21 ET,58.67,0.14
2026-08-04,AUFSTOCKEN LONG CMG,34.13,-117.62,2026-08-04 15:23 ET,34.15,0.06
2026-08-04,EXIT LONG MSFT,497.07,549.20,2026-08-04 15:23 ET,496.82,0.33
2026-08-05,REDUZIEREN LONG ZBRA,367.31,702.30,2026-08-05 11:10 ET,367.13,0.08
2026-08-05,LONG MSFT,489.75,149.11,2026-08-05 11:10 ET,489.99,0.28
2026-08-05,LONG TER,394.68,-404.07,2026-08-05 11:10 ET,394.88,0.28
2026-08-05,LONG MRVL,215.63,-957.26,2026-08-05 11:10 ET,215.74,0.28
2026-08-05,REDUZIEREN LONG ORCL,144.50,-838.35,2026-08-05 11:10 ET,144.43,0.06
2026-08-05,REDUZIEREN LONG GRMN,306.61,-711.85,2026-08-05 11:10 ET,306.45,0.06
2026-08-05,REDUZIEREN LONG FSLR,236.58,-586.81,2026-08-05 11:10 ET,236.46,0.06
2026-08-05,REDUZIEREN LONG AMZN,276.57,-470.73,2026-08-05 11:10 ET,276.43,0.06
2026-08-05,LONG APH,173.66,-1023.92,2026-08-05 11:10 ET,173.75,0.28
2026-08-05,LONG WDC,553.59,-1577.10,2026-08-05 11:10 ET,553.87,0.28
2026-08-05,REDUZIEREN LONG CRWD,212.99,-1450.73,2026-08-05 11:10 ET,212.88,0.06
2026-08-05,REDUZIEREN LONG WTW,340.35,-1332.53,2026-08-05 11:10 ET,340.18,0.06
2026-08-05,REDUZIEREN LONG GOOGL,380.67,-1208.33,2026-08-05 11:10 ET,380.48,0.06
2026-08-05,REDUZIEREN LONG GOOG,378.35,-1083.75,2026-08-05 11:10 ET,378.16,0.06
2026-08-05,LONG COHR,336.00,-1636.93,2026-08-05 11:10 ET,336.17,0.28
2026-08-05,LONG LITE,845.97,-2190.12,2026-08-05 11:10 ET,846.39,0.28
2026-08-05,REDUZIEREN LONG CHTR,149.88,-2055.62,2026-08-05 11:10 ET,149.81,0.07
2026-08-05,EXIT LONG (Haltedauer) TRMB,58.91,-1383.75,2026-08-05 11:10 ET,58.88,0.34
2026-08-05,EXIT LONG DXCM,83.33,-743.68,2026-08-05 11:10 ET,83.29,0.32
2026-08-05,EXIT LONG CMG,34.64,-7.19,2026-08-05 11:10 ET,34.62,0.37
2026-08-05,LONG PLTR,159.39,-629.14,2026-08-05 13:24 ET,159.47,0.31
2026-08-05,LONG SNDK,1417.87,-1028.96,2026-08-05 13:24 ET,1418.58,0.20
2026-08-05,AUFSTOCKEN LONG ZBRA,371.65,-1091.19,2026-08-05 13:24 ET,371.84,0.03
2026-08-05,REDUZIEREN LONG TER,392.91,-940.61,2026-08-05 13:24 ET,392.71,0.08
2026-08-05,REDUZIEREN LONG MRVL,214.45,-790.59,2026-08-05 13:24 ET,214.34,0.08
2026-08-05,AUFSTOCKEN LONG FSLR,237.20,-857.90,2026-08-05 13:24 ET,237.32,0.03
2026-08-05,REDUZIEREN LONG WDC,548.28,-710.15,2026-08-05 13:24 ET,548.00,0.07
2026-08-05,LONG INTC,101.85,-1109.98,2026-08-05 13:24 ET,101.90,0.20
2026-08-05,AUFSTOCKEN LONG CRWD,212.80,-1179.22,2026-08-05 13:24 ET,212.91,0.03
2026-08-05,AUFSTOCKEN LONG WTW,338.42,-1251.13,2026-08-05 13:24 ET,338.59,0.04
2026-08-05,REDUZIEREN LONG COHR,334.33,-1100.82,2026-08-05 13:24 ET,334.16,0.08
2026-08-05,AUFSTOCKEN LONG ORCL,144.26,-1170.52,2026-08-05 13:24 ET,144.33,0.03
2026-08-05,AUFSTOCKEN LONG GRMN,303.40,-1245.06,2026-08-05 13:24 ET,303.56,0.04
2026-08-05,LONG DELL,476.41,-1644.89,2026-08-05 13:24 ET,476.65,0.20
2026-08-05,EXIT LONG APH,174.21,-1091.06,2026-08-05 13:24 ET,174.12,0.28
2026-08-05,EXIT LONG LITE,851.05,-535.66,2026-08-05 13:24 ET,850.62,0.28
2026-08-05,EXIT LONG AMZN,271.33,5.96,2026-08-05 13:24 ET,271.19,0.27
2026-08-05,EXIT LONG MSFT,488.00,556.06,2026-08-05 13:24 ET,487.76,0.28
2026-08-05,EXIT LONG GOOGL,362.56,1081.88,2026-08-05 13:24 ET,362.38,0.26
2026-08-05,EXIT LONG GOOG,360.19,1607.46,2026-08-05 13:24 ET,360.01,0.26
2026-08-05,AUFSTOCKEN LONG SNDK,1403.77,1538.80,2026-08-05 15:21 ET,1404.47,0.03
2026-08-05,AUFSTOCKEN LONG TER,396.84,1478.10,2026-08-05 15:21 ET,397.04,0.03
2026-08-05,AUFSTOCKEN LONG MRVL,214.73,1413.94,2026-08-05 15:21 ET,214.83,0.03
2026-08-05,AUFSTOCKEN LONG FSLR,227.75,1347.52,2026-08-05 15:21 ET,227.86,0.03
2026-08-05,AUFSTOCKEN LONG WDC,537.67,1275.09,2026-08-05 15:21 ET,537.94,0.04
2026-08-05,AUFSTOCKEN LONG INTC,102.47,1212.84,2026-08-05 15:21 ET,102.52,0.03
2026-08-05,AUFSTOCKEN LONG COHR,334.48,1148.33,2026-08-05 15:21 ET,334.65,0.03
2026-08-05,LONG APH,173.66,484.74,2026-08-05 15:21 ET,173.75,0.33
2026-08-05,EXIT LONG CHTR,151.66,1043.40,2026-08-05 15:21 ET,151.59,0.28
2026-08-05,EXIT LONG DELL,475.05,1441.28,2026-08-05 15:21 ET,474.81,0.20
2026-08-06,REDUZIEREN LONG MRVL,218.12,1603.96,2026-08-06 11:10 ET,218.01,0.08
2026-08-06,LONG DELL,449.61,1295.11,2026-08-06 11:10 ET,449.84,0.15
2026-08-06,LONG VRT,281.83,750.08,2026-08-06 11:10 ET,281.98,0.27
2026-08-06,LONG MSFT,497.62,205.05,2026-08-06 11:10 ET,497.87,0.27
2026-08-06,LONG ANET,193.20,-103.80,2026-08-06 11:10 ET,193.30,0.15
2026-08-06,REDUZIEREN LONG INTC,102.54,51.89,2026-08-06 11:10 ET,102.49,0.08
2026-08-06,REDUZIEREN LONG TER,393.93,203.85,2026-08-06 11:10 ET,393.73,0.08
2026-08-06,REDUZIEREN LONG WTW,337.27,278.50,2026-08-06 11:10 ET,337.10,0.04
2026-08-06,REDUZIEREN LONG FSLR,249.86,461.12,2026-08-06 11:10 ET,249.74,0.09
2026-08-06,REDUZIEREN LONG CRWD,206.96,520.87,2026-08-06 11:10 ET,206.86,0.03
2026-08-06,REDUZIEREN LONG APH,172.95,636.47,2026-08-06 11:10 ET,172.86,0.06
2026-08-06,REDUZIEREN LONG ZBRA,369.87,710.26,2026-08-06 11:10 ET,369.69,0.04
2026-08-06,LONG MU,912.05,401.41,2026-08-06 11:10 ET,912.51,0.15
2026-08-06,REDUZIEREN LONG WDC,473.18,501.16,2026-08-06 11:10 ET,472.94,0.05
2026-08-06,EXIT LONG (Haltedauer) GRMN,305.25,1125.64,2026-08-06 11:10 ET,305.10,0.31
2026-08-06,REDUZIEREN LONG COHR,347.04,1298.40,2026-08-06 11:10 ET,346.87,0.09
2026-08-06,REDUZIEREN LONG SNDK,1318.83,1425.70,2026-08-06 11:10 ET,1318.17,0.06
2026-08-06,REDUZIEREN LONG PLTR,157.25,1494.14,2026-08-06 11:10 ET,157.17,0.03
2026-08-06,EXIT LONG ORCL,145.17,2118.78,2026-08-06 11:10 ET,145.10,0.31
2026-08-07,LONG GNRC,212.89,1408.80,2026-08-07 10:08 ET,213.00,0.35
2026-08-07,AUFSTOCKEN LONG TER,376.29,1242.33,2026-08-07 10:08 ET,376.48,0.08
2026-08-07,AUFSTOCKEN LONG ANET,191.61,1087.16,2026-08-07 10:08 ET,191.71,0.08
2026-08-07,AUFSTOCKEN LONG CRWD,215.81,945.50,2026-08-07 10:08 ET,215.92,0.07
2026-08-07,AUFSTOCKEN LONG INTC,99.38,783.33,2026-08-07 10:08 ET,99.43,0.08
2026-08-07,AUFSTOCKEN LONG APH,168.73,605.06,2026-08-07 10:08 ET,168.81,0.09
2026-08-07,LONG LITE,890.39,143.58,2026-08-07 10:08 ET,890.84,0.23
2026-08-07,LONG LDOS,134.13,-566.40,2026-08-07 10:08 ET,134.20,0.35
2026-08-07,LONG AMZN,275.15,-1276.38,2026-08-07 10:08 ET,275.29,0.35
2026-08-07,EXIT LONG MRVL,209.85,-979.83,2026-08-07 10:08 ET,209.75,0.15
2026-08-07,AUFSTOCKEN LONG MSFT,502.11,-1139.86,2026-08-07 10:08 ET,502.36,0.08
2026-08-07,EXIT LONG PLTR,168.70,-556.32,2026-08-07 10:08 ET,168.62,0.29
2026-08-07,EXIT LONG ZBRA,378.20,-0.13,2026-08-07 10:08 ET,378.01,0.28
2026-08-07,AUFSTOCKEN LONG VRT,272.77,-182.61,2026-08-07 10:08 ET,272.90,0.09
2026-08-07,EXIT LONG FSLR,256.26,375.25,2026-08-07 10:08 ET,256.13,0.28
2026-08-07,AUFSTOCKEN LONG DELL,430.20,209.28,2026-08-07 10:08 ET,430.42,0.08
2026-08-07,EXIT LONG (Haltedauer) WTW,342.44,761.56,2026-08-07 10:08 ET,342.27,0.28
2026-08-07,EXIT LONG COHR,372.85,1092.71,2026-08-07 10:08 ET,372.66,0.17
2026-08-07,EXIT LONG SNDK,1209.83,1375.47,2026-08-07 10:08 ET,1209.23,0.14
2026-08-07,AUFSTOCKEN LONG MU,858.20,1204.60,2026-08-07 10:08 ET,858.62,0.09
2026-08-07,EXIT LONG WDC,425.78,1481.95,2026-08-07 10:08 ET,425.57,0.14
2026-08-07,LONG IT,187.55,818.59,2026-08-07 11:51 ET,187.64,0.33
2026-08-07,REDUZIEREN LONG GNRC,214.58,915.73,2026-08-07 12:47 ET,214.47,0.05
2026-08-07,REDUZIEREN LONG CRWD,212.65,996.87,2026-08-07 12:47 ET,212.54,0.04
2026-08-07,LONG PLTR,170.37,378.60,2026-08-07 12:47 ET,170.45,0.31
2026-08-07,REDUZIEREN LONG LDOS,136.70,483.67,2026-08-07 12:47 ET,136.63,0.05
2026-08-07,REDUZIEREN LONG AMZN,275.89,577.09,2026-08-07 12:47 ET,275.75,0.05
2026-08-07,REDUZIEREN LONG APH,167.36,662.88,2026-08-07 12:47 ET,167.28,0.04
2026-08-07,REDUZIEREN LONG VRT,276.13,763.14,2026-08-07 12:47 ET,275.99,0.05
2026-08-07,REDUZIEREN LONG MSFT,502.62,855.38,2026-08-07 12:47 ET,502.37,0.05
2026-08-10,REDUZIEREN LONG IT,187.96,935.80,2026-08-10 10:17 ET,187.87,0.04
2026-08-10,LONG NEM,114.55,351.58,2026-08-10 10:17 ET,114.61,0.29
2026-08-10,LONG ZBRA,378.96,-232.65,2026-08-10 10:17 ET,379.15,0.29
2026-08-10,LONG PSKY,9.16,-816.88,2026-08-10 10:17 ET,9.16,0.29
2026-08-10,EXIT LONG VRT,273.36,-206.03,2026-08-10 10:17 ET,273.22,0.31
2026-08-10,EXIT LONG CRWD,224.08,444.19,2026-08-10 10:17 ET,223.97,0.33
2026-08-10,LONG QCOM,164.47,43.27,2026-08-10 11:54 ET,164.55,0.20
2026-08-10,LONG SWKS,69.83,-357.65,2026-08-10 11:54 ET,69.86,0.20
2026-08-10,REDUZIEREN LONG APH,170.63,-277.71,2026-08-10 11:54 ET,170.55,0.04
2026-08-10,REDUZIEREN LONG MSFT,510.14,-200.62,2026-08-10 11:54 ET,509.88,0.04
2026-08-10,REDUZIEREN LONG ANET,191.70,-139.95,2026-08-10 11:54 ET,191.60,0.03
2026-08-10,REDUZIEREN LONG GNRC,210.10,-84.97,2026-08-10 11:54 ET,209.99,0.03
2026-08-10,REDUZIEREN LONG TER,370.04,-32.17,2026-08-10 11:54 ET,369.85,0.03
2026-08-10,LONG COHR,338.83,-433.09,2026-08-10 11:54 ET,339.00,0.20
2026-08-10,REDUZIEREN LONG MU,879.89,-361.00,2026-08-10 11:54 ET,879.45,0.04
2026-08-10,REDUZIEREN LONG PLTR,179.26,-260.92,2026-08-10 11:54 ET,179.17,0.05
2026-08-10,EXIT LONG DELL,471.39,243.75,2026-08-10 11:54 ET,471.16,0.25
2026-08-10,EXIT LONG INTC,98.41,699.82,2026-08-10 11:54 ET,98.36,0.23
2026-08-10,REDUZIEREN LONG LDOS,140.34,784.14,2026-08-10 11:54 ET,140.27,0.04
2026-08-10,REDUZIEREN LONG AMZN,279.83,860.81,2026-08-10 11:54 ET,279.69,0.04
2026-08-10,EXIT LONG MSFT,505.27,1404.74,2026-08-10 14:48 ET,505.02,0.27
2026-08-10,REDUZIEREN LONG IT,193.62,1459.51,2026-08-10 15:51 ET,193.52,0.03
2026-08-10,LONG FSLR,239.79,912.57,2026-08-10 15:51 ET,239.91,0.27
2026-08-11,AUFSTOCKEN LONG IT,188.60,776.31,2026-08-11 10:16 ET,188.69,0.07
2026-08-11,AUFSTOCKEN LONG NEM,117.20,705.03,2026-08-11 10:16 ET,117.26,0.04
2026-08-11,AUFSTOCKEN LONG ANET,197.33,649.40,2026-08-11 10:16 ET,197.43,0.03
2026-08-11,AUFSTOCKEN LONG GNRC,216.18,546.56,2026-08-11 10:16 ET,216.28,0.05
2026-08-11,AUFSTOCKEN LONG QCOM,164.19,478.47,2026-08-11 10:16 ET,164.27,0.03
2026-08-11,AUFSTOCKEN LONG APH,171.96,364.01,2026-08-11 10:16 ET,172.05,0.06
2026-08-11,AUFSTOCKEN LONG SWKS,70.05,297.87,2026-08-11 10:16 ET,70.09,0.03
2026-08-11,AUFSTOCKEN LONG PLTR,175.82,168.56,2026-08-11 10:16 ET,175.91,0.06
2026-08-11,AUFSTOCKEN LONG ZBRA,383.45,90.69,2026-08-11 10:16 ET,383.65,0.04
2026-08-11,LONG SMCI,32.08,-377.63,2026-08-11 10:16 ET,32.10,0.23
2026-08-11,AUFSTOCKEN LONG PSKY,9.21,-459.18,2026-08-11 10:16 ET,9.21,0.04
2026-08-11,AUFSTOCKEN LONG LITE,803.50,-511.05,2026-08-11 10:16 ET,803.90,0.03
2026-08-11,EXIT LONG TER,384.55,-95.24,2026-08-11 10:16 ET,384.36,0.21
2026-08-11,EXIT LONG AMZN,275.28,445.01,2026-08-11 10:16 ET,275.14,0.27
2026-08-11,EXIT LONG MU,854.54,833.60,2026-08-11 10:16 ET,854.11,0.19
2026-08-11,EXIT LONG LDOS,142.26,1390.29,2026-08-11 10:16 ET,142.19,0.28
2026-08-11,AUFSTOCKEN LONG COHR,328.86,1311.08,2026-08-11 10:16 ET,329.02,0.04
2026-08-11,AUFSTOCKEN LONG FSLR,244.41,1199.53,2026-08-11 10:16 ET,244.53,0.06
2026-08-11,AUFSTOCKEN LONG IT,187.76,1090.03,2026-08-11 11:55 ET,187.85,0.05
2026-08-11,AUFSTOCKEN LONG NEM,116.85,981.52,2026-08-11 11:55 ET,116.91,0.05
2026-08-11,AUFSTOCKEN LONG SWKS,68.84,883.35,2026-08-11 11:55 ET,68.87,0.05
2026-08-11,AUFSTOCKEN LONG ANET,194.87,787.43,2026-08-11 11:55 ET,194.96,0.05
2026-08-11,AUFSTOCKEN LONG QCOM,163.08,694.19,2026-08-11 11:55 ET,163.16,0.05
2026-08-11,AUFSTOCKEN LONG GNRC,214.89,583.69,2026-08-11 11:55 ET,215.00,0.06
2026-08-11,AUFSTOCKEN LONG ZBRA,380.36,471.77,2026-08-11 11:55 ET,380.55,0.06
2026-08-11,AUFSTOCKEN LONG PSKY,9.26,368.52,2026-08-11 11:55 ET,9.26,0.05
2026-08-11,AUFSTOCKEN LONG APH,169.90,253.97,2026-08-11 11:55 ET,169.98,0.06
2026-08-11,AUFSTOCKEN LONG SMCI,31.50,155.43,2026-08-11 11:55 ET,31.52,0.05
2026-08-11,EXIT LONG LITE,814.00,628.92,2026-08-11 11:55 ET,813.59,0.24
2026-08-11,EXIT LONG PLTR,173.65,1288.37,2026-08-11 11:55 ET,173.56,0.33
2026-08-11,AUFSTOCKEN LONG COHR,327.30,1196.07,2026-08-11 11:55 ET,327.46,0.05
2026-08-11,AUFSTOCKEN LONG FSLR,241.76,1082.29,2026-08-11 11:55 ET,241.88,0.06
2026-08-11,EXIT LONG APH,169.27,1853.42,2026-08-11 12:53 ET,169.19,0.39
2026-08-11,SHORT APP,321.20,2239.37,2026-08-11 13:53 ET,321.04,0.19
2026-08-12,LEIHGEBÜHR APP,314.18,2239.33,2026-08-12 10:18 ET,,-0.04
2026-08-12,AUFSTOCKEN LONG NEM,119.91,1986.40,2026-08-12 10:18 ET,119.97,0.13
2026-08-12,LONG UBER,77.19,937.63,2026-08-12 10:18 ET,77.23,0.52
2026-08-12,AUFSTOCKEN LONG ANET,206.60,585.74,2026-08-12 10:18 ET,206.70,0.18
2026-08-12,LONG ABNB,180.29,-463.04,2026-08-12 10:18 ET,180.38,0.52
2026-08-12,AUFSTOCKEN LONG PSKY,9.43,-722.02,2026-08-12 10:18 ET,9.43,0.13
2026-08-12,LONG LLY,1207.29,-1770.80,2026-08-12 10:18 ET,1207.89,0.52
2026-08-12,AUFSTOCKEN LONG SWKS,67.89,-2164.01,2026-08-12 10:18 ET,67.92,0.20
2026-08-12,EXIT LONG GNRC,221.34,-1366.80,2026-08-12 10:18 ET,221.22,0.40
2026-08-12,EXIT LONG IT,181.25,-619.64,2026-08-12 10:18 ET,181.16,0.37
2026-08-12,EXIT LONG ZBRA,377.98,149.53,2026-08-12 10:18 ET,377.80,0.38
2026-08-12,EXIT LONG COHR,342.49,732.68,2026-08-12 10:18 ET,342.32,0.29
2026-08-12,AUFSTOCKEN LONG SMCI,36.14,429.43,2026-08-12 10:18 ET,36.16,0.15
2026-08-12,EXIT LONG QCOM,163.87,989.41,2026-08-12 10:18 ET,163.79,0.28
2026-08-12,AUFSTOCKEN SHORT APP,314.18,1135.23,2026-08-12 10:18 ET,314.02,0.07
2026-08-12,EXIT LONG FSLR,231.65,1876.86,2026-08-12 10:18 ET,231.53,0.37
2026-08-12,REDUZIEREN LONG LLY,1218.98,1988.10,2026-08-12 13:54 ET,1218.37,0.06
2026-08-12,REDUZIEREN LONG ABNB,180.69,2091.52,2026-08-12 13:54 ET,180.60,0.05
2026-08-12,REDUZIEREN LONG PSKY,9.52,2202.62,2026-08-12 13:54 ET,9.51,0.06
2026-08-12,SHORT CVS,94.51,2675.41,2026-08-12 13:54 ET,94.46,0.24
2026-08-12,AUFSTOCKEN LONG LLY,1219.01,2567.49,2026-08-12 15:58 ET,1219.61,0.05
2026-08-12,AUFSTOCKEN LONG ABNB,180.05,2456.19,2026-08-12 15:58 ET,180.14,0.06
2026-08-12,EXIT LONG PSKY,9.51,3401.26,2026-08-12 15:58 ET,9.51,0.47
2026-08-13,LEIHGEBÜHR APP,316.74,3401.20,2026-08-13 10:19 ET,,-0.06
2026-08-13,LEIHGEBÜHR CVS,96.04,3401.14,2026-08-13 10:19 ET,,-0.06
2026-08-13,REDUZIEREN LONG SMCI,41.21,3759.65,2026-08-13 10:19 ET,41.19,0.18
2026-08-13,REDUZIEREN LONG NEM,115.29,4032.05,2026-08-13 10:19 ET,115.23,0.14
2026-08-13,REDUZIEREN LONG UBER,75.41,4320.62,2026-08-13 10:19 ET,75.37,0.14
2026-08-13,LONG COHR,345.36,3603.62,2026-08-13 10:19 ET,345.53,0.36
2026-08-13,EXIT LONG (Haltedauer) ANET,208.88,4556.05,2026-08-13 10:19 ET,208.78,0.48
2026-08-13,REDUZIEREN LONG ABNB,183.65,4896.53,2026-08-13 10:19 ET,183.56,0.17
2026-08-13,LONG APA,39.36,4161.15,2026-08-13 10:19 ET,39.38,0.37
2026-08-13,LONG PSX,225.51,3425.77,2026-08-13 10:19 ET,225.62,0.37
2026-08-13,LONG MRNA,63.76,2690.39,2026-08-13 10:19 ET,63.79,0.37
2026-08-13,LONG ENR.DE,160.92,1955.01,2026-08-13 10:19 ET,161.00,0.37
2026-08-13,LONG ON,83.39,1238.01,2026-08-13 10:19 ET,83.44,0.36
2026-08-13,REDUZIEREN LONG LLY,1222.30,1560.25,2026-08-13 10:19 ET,1221.69,0.16
2026-08-13,REDUZIEREN LONG SWKS,69.57,1810.00,2026-08-13 10:19 ET,69.54,0.12
2026-08-13,EXIT SHORT APP,316.74,1281.35,2026-08-13 10:19 ET,316.90,0.26
2026-08-13,REDUZIEREN SHORT CVS,96.04,1167.63,2026-08-13 10:19 ET,96.09,0.06
2026-08-13,REDUZIEREN LONG SMCI,40.96,1403.58,2026-08-13 11:54 ET,40.94,0.12
2026-08-13,REDUZIEREN LONG NEM,114.07,1495.96,2026-08-13 11:54 ET,114.01,0.05
2026-08-13,LONG LITE,912.89,1019.67,2026-08-13 11:54 ET,913.34,0.24
2026-08-13,REDUZIEREN LONG UBER,74.54,1111.38,2026-08-13 11:54 ET,74.50,0.05
2026-08-13,LONG HPE,61.27,635.09,2026-08-13 11:54 ET,61.30,0.24
2026-08-13,REDUZIEREN LONG COHR,336.04,856.00,2026-08-13 11:54 ET,335.87,0.11
2026-08-13,REDUZIEREN LONG ABNB,182.63,952.05,2026-08-13 11:54 ET,182.54,0.05
2026-08-13,REDUZIEREN LONG APA,39.85,1061.34,2026-08-13 11:54 ET,39.83,0.05
2026-08-13,REDUZIEREN LONG MRNA,63.94,1163.54,2026-08-13 11:54 ET,63.90,0.05
2026-08-13,REDUZIEREN LONG PSX,228.71,1274.07,2026-08-13 11:54 ET,228.59,0.06
2026-08-13,REDUZIEREN LONG SWKS,69.41,1512.65,2026-08-13 11:54 ET,69.38,0.12
2026-08-13,REDUZIEREN LONG ENR.DE,159.92,1608.21,2026-08-13 11:54 ET,159.84,0.05
2026-08-13,REDUZIEREN LONG ON,83.29,1847.49,2026-08-13 11:54 ET,83.24,0.12
2026-08-13,REDUZIEREN LONG LLY,1222.37,1947.66,2026-08-13 11:54 ET,1221.76,0.05
2026-08-13,REDUZIEREN SHORT CVS,95.25,1900.52,2026-08-13 11:54 ET,95.30,0.02
2026-08-13,LONG MPC,350.80,1306.19,2026-08-13 12:50 ET,350.98,0.30
2026-08-14,LEIHGEBÜHR CVS,95.32,1306.15,2026-08-14 10:12 ET,,-0.04
2026-08-14,REDUZIEREN LONG SMCI,40.22,1412.86,2026-08-14 10:12 ET,40.20,0.05
2026-08-14,REDUZIEREN LONG MPC,359.58,1540.77,2026-08-14 10:12 ET,359.40,0.06
2026-08-14,LONG DELL,496.19,1179.99,2026-08-14 10:12 ET,496.44,0.18
2026-08-14,LONG SNDK,1636.29,819.20,2026-08-14 10:12 ET,1637.10,0.18
2026-08-14,LONG PANW,385.47,338.16,2026-08-14 10:12 ET,385.66,0.24
2026-08-14,REDUZIEREN LONG NEM,118.53,516.65,2026-08-14 10:12 ET,118.47,0.09
2026-08-14,REDUZIEREN LONG ABNB,186.61,684.15,2026-08-14 10:12 ET,186.52,0.08
2026-08-14,REDUZIEREN LONG MRNA,63.52,833.74,2026-08-14 10:12 ET,63.49,0.07
2026-08-14,REDUZIEREN LONG HPE,59.74,937.11,2026-08-14 10:12 ET,59.71,0.05
2026-08-14,LONG KKR,115.47,456.07,2026-08-14 10:12 ET,115.53,0.24
2026-08-14,LONG HOOD,97.64,-24.98,2026-08-14 10:12 ET,97.69,0.24
2026-08-14,LONG PSKY,10.09,-506.02,2026-08-14 10:12 ET,10.09,0.24
2026-08-14,REDUZIEREN LONG ENR.DE,161.40,-346.45,2026-08-14 10:12 ET,161.32,0.08
2026-08-14,REDUZIEREN LONG SWKS,70.26,-225.32,2026-08-14 10:12 ET,70.23,0.06
2026-08-14,REDUZIEREN LONG UBER,76.33,-56.39,2026-08-14 10:12 ET,76.29,0.08
2026-08-14,REDUZIEREN LONG LITE,954.71,80.66,2026-08-14 10:12 ET,954.23,0.07
2026-08-14,REDUZIEREN LONG ON,83.27,195.85,2026-08-14 10:12 ET,83.23,0.06
2026-08-14,REDUZIEREN LONG PSX,234.99,366.98,2026-08-14 10:12 ET,234.88,0.09
2026-08-14,REDUZIEREN LONG APA,40.79,535.63,2026-08-14 10:12 ET,40.77,0.08
2026-08-14,EXIT SHORT CVS,95.32,217.89,2026-08-14 10:12 ET,95.36,0.16
2026-08-14,REDUZIEREN LONG COHR,343.02,343.04,2026-08-14 10:12 ET,342.85,0.06
2026-08-14,EXIT LONG LLY,1181.33,955.55,2026-08-14 10:12 ET,1180.74,0.31
2026-08-14,REDUZIEREN LONG SNDK,1620.22,995.93,2026-08-14 11:44 ET,1619.41,0.02
2026-08-14,REDUZIEREN LONG MPC,356.06,1040.21,2026-08-14 11:44 ET,355.88,0.02
2026-08-14,REDUZIEREN LONG DELL,490.40,1079.94,2026-08-14 11:44 ET,490.16,0.02
2026-08-14,REDUZIEREN LONG NEM,117.50,1124.72,2026-08-14 11:44 ET,117.44,0.02
2026-08-14,REDUZIEREN LONG PANW,384.03,1171.91,2026-08-14 11:44 ET,383.84,0.02
2026-08-14,REDUZIEREN LONG MRNA,63.06,1217.41,2026-08-14 11:44 ET,63.03,0.02
2026-08-14,LONG PLTR,177.39,785.45,2026-08-14 11:44 ET,177.48,0.22
2026-08-14,REDUZIEREN LONG KKR,115.42,834.20,2026-08-14 11:44 ET,115.36,0.02
2026-08-14,LONG GDDY,96.88,402.24,2026-08-14 11:44 ET,96.93,0.22
2026-08-14,LONG LRCX,327.97,85.46,2026-08-14 11:44 ET,328.13,0.16
2026-08-14,REDUZIEREN LONG ON,81.92,123.55,2026-08-14 11:44 ET,81.88,0.02
2026-08-14,REDUZIEREN LONG SWKS,68.53,158.55,2026-08-14 11:44 ET,68.49,0.02
2026-08-14,REDUZIEREN LONG PSKY,10.02,204.67,2026-08-14 11:44 ET,10.02,0.02
2026-08-14,REDUZIEREN LONG UBER,75.50,248.43,2026-08-14 11:44 ET,75.46,0.02
2026-08-14,REDUZIEREN LONG ENR.DE,160.16,293.72,2026-08-14 11:44 ET,160.08,0.02
2026-08-14,REDUZIEREN LONG HPE,58.94,332.85,2026-08-14 11:44 ET,58.91,0.02
2026-08-14,REDUZIEREN LONG PSX,233.12,378.00,2026-08-14 11:44 ET,233.00,0.02
2026-08-14,REDUZIEREN LONG APA,40.45,422.98,2026-08-14 11:44 ET,40.43,0.02
2026-08-14,EXIT LONG ABNB,185.81,901.00,2026-08-14 11:44 ET,185.72,0.24
2026-08-14,REDUZIEREN LONG HOOD,97.37,948.66,2026-08-14 11:44 ET,97.32,0.02
2026-08-14,REDUZIEREN LONG SMCI,39.61,986.68,2026-08-14 12:48 ET,39.59,0.02
2026-08-14,LONG AXON,611.29,572.94,2026-08-14 12:48 ET,611.60,0.21
2026-08-14,SHORT TTD,14.06,770.45,2026-08-14 13:48 ET,14.06,0.10
2026-08-14,REDUZIEREN LONG PSKY,10.23,814.21,2026-08-14 14:44 ET,10.22,0.02
2026-08-17,LEIHGEBÜHR TTD,13.92,814.19,2026-08-17 09:35 ET,,-0.02
2026-08-17,LONG STX,984.09,456.07,2026-08-17 09:35 ET,984.58,0.18
2026-08-17,LONG WDC,527.64,97.94,2026-08-17 09:35 ET,527.90,0.18
2026-08-17,LONG JBL,365.57,-260.18,2026-08-17 09:35 ET,365.75,0.18
2026-08-17,EXIT LONG (Haltedauer) NEM,118.80,175.70,2026-08-17 09:35 ET,118.74,0.22
2026-08-17,LONG TER,422.08,-182.42,2026-08-17 09:35 ET,422.29,0.18
2026-08-17,AUFSTOCKEN LONG DELL,482.07,-229.16,2026-08-17 09:35 ET,482.31,0.02
2026-08-17,AUFSTOCKEN LONG GDDY,94.04,-287.34,2026-08-17 09:35 ET,94.09,0.03
2026-08-17,EXIT LONG SMCI,38.42,19.72,2026-08-17 09:35 ET,38.40,0.15
2026-08-17,AUFSTOCKEN LONG KKR,112.29,-37.50,2026-08-17 09:35 ET,112.35,0.03
2026-08-17,AUFSTOCKEN LONG PSKY,10.11,-122.54,2026-08-17 09:35 ET,10.12,0.04
2026-08-17,EXIT LONG APA,40.51,309.20,2026-08-17 09:35 ET,40.49,0.22
2026-08-17,EXIT LONG COHR,340.50,666.62,2026-08-17 09:35 ET,340.33,0.18
2026-08-17,EXIT LONG (Haltedauer) SWKS,69.08,985.34,2026-08-17 09:35 ET,69.05,0.16
2026-08-17,AUFSTOCKEN LONG PLTR,174.23,932.11,2026-08-17 09:35 ET,174.32,0.03
2026-08-17,AUFSTOCKEN LONG AXON,614.86,870.77,2026-08-17 09:35 ET,615.17,0.03
2026-08-17,EXIT LONG LITE,948.50,1228.49,2026-08-17 09:35 ET,948.03,0.18
2026-08-17,EXIT LONG HPE,57.64,1537.66,2026-08-17 09:35 ET,57.61,0.15
2026-08-17,AUFSTOCKEN LONG HOOD,95.97,1485.91,2026-08-17 09:35 ET,96.02,0.03
2026-08-17,AUFSTOCKEN LONG PANW,381.30,1437.30,2026-08-17 09:35 ET,381.49,0.02
2026-08-17,AUFSTOCKEN SHORT TTD,13.92,1480.10,2026-08-17 09:35 ET,13.91,0.02
2026-08-17,EXIT LONG UBER,76.17,1915.00,2026-08-17 09:35 ET,76.13,0.22
2026-08-17,LONG SMCI,38.56,1595.56,2026-08-17 10:21 ET,38.57,0.16
2026-08-17,REDUZIEREN LONG STX,998.41,1639.38,2026-08-17 10:21 ET,997.91,0.02
2026-08-17,REDUZIEREN LONG WDC,542.21,1687.86,2026-08-17 10:21 ET,541.94,0.02
2026-08-17,REDUZIEREN LONG JBL,367.74,1728.59,2026-08-17 10:21 ET,367.56,0.02
2026-08-17,REDUZIEREN LONG TER,428.92,1772.99,2026-08-17 10:21 ET,428.71,0.02
2026-08-17,REDUZIEREN LONG DELL,473.09,1804.95,2026-08-17 10:21 ET,472.85,0.02
2026-08-17,REDUZIEREN LONG SNDK,1807.72,1838.22,2026-08-17 11:19 ET,1806.82,0.02
2026-08-17,EXIT LONG MRNA,64.87,2281.69,2026-08-17 12:20 ET,64.84,0.22
2026-08-17,REDUZIEREN LONG STX,994.92,2312.50,2026-08-17 13:21 ET,994.42,0.02
2026-08-17,LONG MU,1023.39,2025.05,2026-08-17 13:21 ET,1023.90,0.14
2026-08-17,REDUZIEREN LONG ON,84.40,2063.88,2026-08-17 13:21 ET,84.36,0.02
2026-08-17,REDUZIEREN LONG DELL,477.53,2098.79,2026-08-17 13:21 ET,477.29,0.02
2026-08-17,REDUZIEREN LONG JBL,370.47,2133.08,2026-08-17 13:21 ET,370.28,0.02
2026-08-17,REDUZIEREN LONG SNDK,1793.35,2163.12,2026-08-17 13:21 ET,1792.45,0.02
2026-08-17,REDUZIEREN LONG TER,435.59,2199.99,2026-08-17 13:21 ET,435.37,0.02
2026-08-17,REDUZIEREN LONG LRCX,341.95,2242.73,2026-08-17 13:21 ET,341.77,0.02
2026-08-17,REDUZIEREN LONG SMCI,37.92,2295.60,2026-08-17 14:30 ET,37.90,0.03
2026-08-17,REDUZIEREN LONG STX,995.60,2322.04,2026-08-17 14:30 ET,995.10,0.01
2026-08-17,REDUZIEREN LONG WDC,530.98,2373.60,2026-08-17 14:30 ET,530.71,0.03
2026-08-17,REDUZIEREN LONG PSKY,10.15,2417.64,2026-08-17 14:30 ET,10.15,0.02
2026-08-17,REDUZIEREN LONG JBL,370.91,2444.23,2026-08-17 14:30 ET,370.72,0.01
2026-08-17,LONG HPE,57.91,2183.07,2026-08-17 14:30 ET,57.94,0.13
2026-08-17,REDUZIEREN LONG DELL,479.33,2210.40,2026-08-17 14:30 ET,479.10,0.01
2026-08-17,REDUZIEREN LONG TER,440.00,2239.55,2026-08-17 14:30 ET,439.78,0.01
2026-08-17,REDUZIEREN LONG HOOD,96.34,2283.54,2026-08-17 14:30 ET,96.29,0.02
2026-08-17,REDUZIEREN LONG LRCX,343.16,2310.81,2026-08-17 14:30 ET,342.99,0.01
2026-08-18,LEIHGEBÜHR TTD,13.63,2310.78,2026-08-18 09:37 ET,,-0.03
2026-08-18,AUFSTOCKEN LONG MPC,359.29,2191.90,2026-08-18 09:37 ET,359.46,0.06
2026-08-18,LONG FOX,61.70,1637.13,2026-08-18 09:37 ET,61.73,0.28
2026-08-18,LONG FOXA,69.51,1082.37,2026-08-18 09:37 ET,69.55,0.28
2026-08-18,AUFSTOCKEN LONG JBL,353.58,1048.39,2026-08-18 09:37 ET,353.75,0.02
2026-08-18,AUFSTOCKEN LONG STX,941.12,1012.33,2026-08-18 09:37 ET,941.59,0.02
2026-08-18,AUFSTOCKEN LONG WDC,504.86,977.71,2026-08-18 09:37 ET,505.11,0.02
2026-08-18,LONG LITE,926.82,694.78,2026-08-18 09:37 ET,927.28,0.14
2026-08-18,SHORT LULU,116.15,971.60,2026-08-18 09:37 ET,116.10,0.14
2026-08-18,LONG AMD,489.30,688.68,2026-08-18 09:37 ET,489.54,0.14
2026-08-18,AUFSTOCKEN LONG PSX,240.28,579.15,2026-08-18 09:37 ET,240.40,0.05
2026-08-18,AUFSTOCKEN LONG ENR.DE,156.52,446.53,2026-08-18 09:37 ET,156.60,0.07
2026-08-18,AUFSTOCKEN LONG GDDY,95.46,376.46,2026-08-18 09:37 ET,95.51,0.04
2026-08-18,EXIT LONG SNDK,1692.19,647.15,2026-08-18 09:37 ET,1691.34,0.14
2026-08-18,EXIT LONG DELL,483.05,909.81,2026-08-18 09:37 ET,482.81,0.13
2026-08-18,AUFSTOCKEN LONG TER,416.16,873.88,2026-08-18 09:37 ET,416.37,0.02
2026-08-18,EXIT LONG LRCX,324.00,1119.96,2026-08-18 09:37 ET,323.84,0.12
2026-08-18,EXIT LONG PANW,376.04,1589.93,2026-08-18 09:37 ET,375.85,0.24
2026-08-18,EXIT LONG AXON,606.01,2059.61,2026-08-18 09:37 ET,605.70,0.23
2026-08-18,EXIT LONG PSKY,10.27,2498.71,2026-08-18 09:37 ET,10.26,0.22
2026-08-18,EXIT LONG HOOD,93.22,2919.05,2026-08-18 09:37 ET,93.18,0.21
2026-08-18,EXIT LONG KKR,107.47,3375.15,2026-08-18 09:37 ET,107.42,0.23
2026-08-18,EXIT LONG PLTR,172.79,3847.76,2026-08-18 09:37 ET,172.70,0.24
2026-08-18,EXIT SHORT TTD,13.63,3613.98,2026-08-18 09:37 ET,13.64,0.12
2026-08-18,LONG VRT,277.61,3091.29,2026-08-18 10:26 ET,277.74,0.26
2026-08-18,REDUZIEREN SHORT LULU,120.43,3065.05,2026-08-18 10:26 ET,120.49,0.01
2026-08-18,REDUZIEREN LONG MPC,362.86,3133.40,2026-08-18 11:25 ET,362.68,0.03
2026-08-18,REDUZIEREN LONG FOX,62.82,3206.29,2026-08-18 11:25 ET,62.79,0.04
2026-08-18,REDUZIEREN LONG FOXA,70.86,3279.84,2026-08-18 11:25 ET,70.82,0.04
2026-08-18,REDUZIEREN LONG PSX,241.01,3344.35,2026-08-18 11:25 ET,240.88,0.03
2026-08-18,LONG MRVL,214.14,3089.51,2026-08-18 11:25 ET,214.25,0.13
2026-08-18,REDUZIEREN LONG GDDY,96.96,3161.05,2026-08-18 11:25 ET,96.91,0.04
2026-08-18,REDUZIEREN LONG ENR.DE,153.10,3211.79,2026-08-18 11:25 ET,153.02,0.03
2026-08-18,EXIT LONG MPC,363.42,3703.37,2026-08-18 12:24 ET,363.24,0.25
2026-08-19,LEIHGEBÜHR LULU,120.29,3703.34,2026-08-19 09:39 ET,,-0.03
2026-08-19,LONG SNDK,1630.29,3353.40,2026-08-19 09:39 ET,1631.10,0.17
2026-08-19,AUFSTOCKEN LONG SMCI,37.07,3258.77,2026-08-19 09:39 ET,37.08,0.05
2026-08-19,AUFSTOCKEN LONG MU,938.41,3172.41,2026-08-19 09:39 ET,938.88,0.04
2026-08-19,AUFSTOCKEN LONG MRVL,234.70,3101.76,2026-08-19 09:39 ET,234.81,0.04
2026-08-19,AUFSTOCKEN LONG TER,395.20,3020.50,2026-08-19 09:39 ET,395.39,0.04
2026-08-19,AUFSTOCKEN LONG LITE,847.26,2929.20,2026-08-19 09:39 ET,847.68,0.05
2026-08-19,LONG TRGP,296.00,2307.08,2026-08-19 09:39 ET,296.15,0.31
2026-08-19,AUFSTOCKEN LONG STX,891.98,2225.29,2026-08-19 09:39 ET,892.43,0.04
2026-08-19,SHORT CVNA,68.61,2535.73,2026-08-19 09:39 ET,68.57,0.16
2026-08-19,AUFSTOCKEN LONG GDDY,97.85,2409.92,2026-08-19 09:39 ET,97.90,0.06
2026-08-19,AUFSTOCKEN LONG AMD,476.80,2335.68,2026-08-19 09:39 ET,477.04,0.04
2026-08-19,EXIT LONG PSX,242.60,2829.75,2026-08-19 09:39 ET,242.48,0.25
2026-08-19,EXIT LONG HPE,54.59,3075.44,2026-08-19 09:39 ET,54.56,0.12
2026-08-19,EXIT LONG WDC,486.83,3347.72,2026-08-19 09:39 ET,486.59,0.14
2026-08-19,AUFSTOCKEN LONG FOXA,69.03,3204.70,2026-08-19 09:39 ET,69.06,0.07
2026-08-19,AUFSTOCKEN LONG FOX,61.20,3061.70,2026-08-19 09:39 ET,61.23,0.07
2026-08-19,AUFSTOCKEN SHORT LULU,120.29,3111.61,2026-08-19 09:39 ET,120.23,0.02
2026-08-19,EXIT LONG JBL,334.23,3378.52,2026-08-19 09:39 ET,334.06,0.13
2026-08-19,EXIT LONG ON,79.42,3648.47,2026-08-19 09:39 ET,79.38,0.14
2026-08-19,EXIT LONG ENR.DE,156.46,4150.06,2026-08-19 09:39 ET,156.38,0.25
2026-08-19,AUFSTOCKEN LONG VRT,269.43,4035.24,2026-08-19 09:39 ET,269.56,0.06
2026-08-20,LEIHGEBÜHR LULU,116.89,4035.20,2026-08-20 09:41 ET,,-0.04
2026-08-20,LEIHGEBÜHR CVNA,69.75,4035.16,2026-08-20 09:41 ET,,-0.04
2026-08-20,AUFSTOCKEN LONG SNDK,1605.19,3450.51,2026-08-20 09:41 ET,1606.00,0.29
2026-08-20,LONG MRK,149.43,2418.06,2026-08-20 09:41 ET,149.50,0.52
2026-08-20,AUFSTOCKEN LONG MRVL,242.88,1850.99,2026-08-20 09:41 ET,243.00,0.28
2026-08-20,LONG MRNA,144.09,818.54,2026-08-20 09:41 ET,144.16,0.52
2026-08-20,LONG EL,94.79,-213.91,2026-08-20 09:41 ET,94.84,0.52
2026-08-20,AUFSTOCKEN LONG MU,949.24,-789.14,2026-08-20 09:41 ET,949.71,0.29
2026-08-20,AUFSTOCKEN LONG GDDY,96.34,-1209.07,2026-08-20 09:41 ET,96.39,0.21
2026-08-20,AUFSTOCKEN SHORT CVNA,69.75,-1009.50,2026-08-20 09:41 ET,69.72,0.10
2026-08-20,EXIT LONG AMD,472.89,-663.12,2026-08-20 09:41 ET,472.65,0.17
2026-08-20,AUFSTOCKEN LONG TRGP,306.50,-1051.38,2026-08-20 09:41 ET,306.65,0.19
2026-08-20,EXIT LONG FOX,60.55,-437.10,2026-08-20 09:41 ET,60.52,0.31
2026-08-20,EXIT LONG FOXA,68.11,175.53,2026-08-20 09:41 ET,68.08,0.31
2026-08-20,EXIT LONG LITE,842.00,522.61,2026-08-20 09:41 ET,841.58,0.17
2026-08-20,EXIT LONG STX,851.41,855.96,2026-08-20 09:41 ET,850.98,0.17
2026-08-20,EXIT LONG TER,379.25,1191.12,2026-08-20 09:41 ET,379.06,0.17
2026-08-20,EXIT LONG VRT,258.48,1786.77,2026-08-20 09:41 ET,258.36,0.30
2026-08-20,EXIT SHORT LULU,116.89,1484.50,2026-08-20 09:41 ET,116.95,0.15
2026-08-20,EXIT LONG SMCI,38.46,1846.88,2026-08-20 09:41 ET,38.44,0.18
2026-08-20,REDUZIEREN LONG MRNA,144.68,1950.64,2026-08-20 10:29 ET,144.61,0.05
2026-08-20,REDUZIEREN LONG MRK,150.22,2055.63,2026-08-20 10:29 ET,150.14,0.05
2026-08-20,SHORT STLD,221.05,2521.05,2026-08-20 10:29 ET,220.94,0.23
2026-08-20,REDUZIEREN LONG EL,97.64,2651.55,2026-08-20 10:29 ET,97.59,0.07
2026-08-20,REDUZIEREN SHORT CVNA,69.44,2603.97,2026-08-20 10:29 ET,69.47,0.02
2026-08-20,REDUZIEREN LONG GDDY,97.13,2711.96,2026-08-20 10:29 ET,97.08,0.05
2026-08-20,AUFSTOCKEN LONG SNDK,1571.80,2595.61,2026-08-20 14:30 ET,1572.58,0.06
2026-08-20,AUFSTOCKEN LONG MRNA,133.58,2430.53,2026-08-20 14:30 ET,133.65,0.08
2026-08-20,EXIT LONG MU,950.35,3358.97,2026-08-20 14:30 ET,949.87,0.46
2026-08-20,AUFSTOCKEN LONG EL,96.87,3255.25,2026-08-20 15:26 ET,96.92,0.05
2026-08-21,LEIHGEBÜHR CVNA,71.67,3255.19,2026-08-21 09:40 ET,,-0.06
2026-08-21,LEIHGEBÜHR STLD,226.77,3255.13,2026-08-21 09:40 ET,,-0.06
2026-08-21,LONG DVN,49.28,2138.53,2026-08-21 09:40 ET,49.31,0.56
2026-08-21,SHORT NUE,247.37,2695.72,2026-08-21 09:40 ET,247.25,0.28
2026-08-21,LONG NEM,131.03,1579.12,2026-08-21 09:40 ET,131.10,0.56
2026-08-21,AUFSTOCKEN LONG MRK,150.31,1395.82,2026-08-21 09:40 ET,150.39,0.09
2026-08-21,SHORT UAL,113.57,1953.00,2026-08-21 09:40 ET,113.52,0.28
2026-08-21,EXIT LONG MRVL,246.52,2894.27,2026-08-21 09:40 ET,246.40,0.47
2026-08-21,EXIT LONG SNDK,1581.74,3924.93,2026-08-21 09:40 ET,1580.95,0.52
2026-08-21,AUFSTOCKEN SHORT STLD,226.77,4004.65,2026-08-21 09:40 ET,226.66,0.04
2026-08-21,EXIT LONG TRGP,305.99,5033.32,2026-08-21 09:40 ET,305.84,0.51
2026-08-21,EXIT LONG (Haltedauer) GDDY,96.14,5954.69,2026-08-21 09:40 ET,96.09,0.46
2026-08-21,EXIT SHORT CVNA,71.67,5473.35,2026-08-21 09:40 ET,71.71,0.24
2026-08-21,REDUZIEREN LONG MRNA,156.73,5733.40,2026-08-21 10:28 ET,156.65,0.13
2026-08-21,LONG COIN,187.58,4789.93,2026-08-21 10:28 ET,187.67,0.47
2026-08-21,REDUZIEREN LONG NEM,131.66,4968.07,2026-08-21 10:28 ET,131.59,0.09
2026-08-21,REDUZIEREN SHORT NUE,249.43,4876.85,2026-08-21 10:28 ET,249.56,0.05
2026-08-21,REDUZIEREN LONG DVN,49.03,5043.86,2026-08-21 10:28 ET,49.01,0.08
2026-08-21,REDUZIEREN LONG MRK,154.07,5244.52,2026-08-21 10:28 ET,154.00,0.10
2026-08-21,SHORT INTC,90.85,5715.32,2026-08-21 10:28 ET,90.80,0.24
2026-08-21,REDUZIEREN SHORT UAL,113.10,5631.09,2026-08-21 10:28 ET,113.16,0.04
2026-08-21,REDUZIEREN LONG EL,99.58,5745.28,2026-08-21 10:28 ET,99.54,0.06
2026-08-21,REDUZIEREN SHORT STLD,229.27,5652.56,2026-08-21 10:28 ET,229.38,0.05
2026-08-21,REDUZIEREN LONG COIN,188.80,5745.14,2026-08-21 11:27 ET,188.71,0.05
2026-08-21,REDUZIEREN LONG NEM,131.89,5833.24,2026-08-21 11:27 ET,131.82,0.04
2026-08-21,REDUZIEREN LONG DVN,49.15,5921.90,2026-08-21 11:27 ET,49.12,0.04
2026-08-21,LONG MRVL,234.41,5065.06,2026-08-21 11:27 ET,234.53,0.43
2026-08-21,REDUZIEREN LONG EL,100.81,5163.10,2026-08-21 11:27 ET,100.76,0.05
2026-08-21,REDUZIEREN SHORT STLD,229.23,5119.87,2026-08-21 11:27 ET,229.34,0.02
2026-08-21,REDUZIEREN SHORT UAL,112.64,5077.04,2026-08-21 13:22 ET,112.70,0.02
2026-08-21,REDUZIEREN SHORT INTC,90.30,5033.25,2026-08-21 14:27 ET,90.35,0.02
2026-08-24,LEIHGEBÜHR STLD,241.76,5033.20,2026-08-24 09:45 ET,,-0.05
2026-08-24,LEIHGEBÜHR NUE,255.01,5033.14,2026-08-24 09:45 ET,,-0.06
2026-08-24,LEIHGEBÜHR UAL,114.19,5033.09,2026-08-24 09:45 ET,,-0.05
2026-08-24,LEIHGEBÜHR INTC,86.21,5033.04,2026-08-24 09:45 ET,,-0.05
2026-08-24,SHORT CRWD,190.22,5494.17,2026-08-24 09:45 ET,190.12,0.23
2026-08-24,SHORT TER,352.55,5955.30,2026-08-24 09:45 ET,352.37,0.23
2026-08-24,EXIT LONG MRNA,134.16,6761.35,2026-08-24 09:45 ET,134.10,0.40
2026-08-24,EXIT LONG EL,103.14,7636.24,2026-08-24 09:45 ET,103.09,0.44
2026-08-24,EXIT SHORT STLD,241.76,7184.40,2026-08-24 09:45 ET,241.88,0.23
2026-08-24,AUFSTOCKEN SHORT INTC,86.21,7240.51,2026-08-24 09:45 ET,86.17,0.03
2026-08-24,AUFSTOCKEN LONG MRVL,222.73,7130.55,2026-08-24 09:45 ET,222.84,0.05
2026-08-24,REDUZIEREN LONG COIN,189.38,7216.96,2026-08-24 10:35 ET,189.29,0.04
2026-08-24,REDUZIEREN LONG MRK,150.30,7364.15,2026-08-24 10:35 ET,150.23,0.07
2026-08-24,REDUZIEREN SHORT CRWD,191.74,7284.86,2026-08-24 10:35 ET,191.84,0.04
2026-08-24,REDUZIEREN SHORT TER,354.46,7206.74,2026-08-24 10:35 ET,354.64,0.04
2026-08-24,REDUZIEREN LONG DVN,48.77,7284.03,2026-08-24 10:35 ET,48.75,0.04
2026-08-24,REDUZIEREN SHORT UAL,112.82,7242.80,2026-08-24 10:35 ET,112.88,0.02
2026-08-24,REDUZIEREN SHORT NUE,250.25,7155.97,2026-08-24 10:35 ET,250.38,0.04
2026-08-24,LONG HOOD,106.77,6383.08,2026-08-24 10:35 ET,106.82,0.39
2026-08-24,SHORT STLD,235.21,6768.75,2026-08-24 10:35 ET,235.10,0.19
2026-08-24,REDUZIEREN LONG NEM,132.29,6855.13,2026-08-24 10:35 ET,132.22,0.04
2026-08-24,REDUZIEREN SHORT INTC,86.26,6779.25,2026-08-24 10:35 ET,86.30,0.04
2026-08-24,REDUZIEREN LONG MRVL,226.79,6947.00,2026-08-24 10:35 ET,226.68,0.08
2026-08-24,LONG MRNA,139.34,6236.15,2026-08-24 14:31 ET,139.40,0.36
2026-08-24,REDUZIEREN SHORT TER,366.95,6191.51,2026-08-24 14:31 ET,367.13,0.02
2026-08-24,REDUZIEREN LONG MRVL,231.17,6268.31,2026-08-24 14:31 ET,231.05,0.04
2026-08-24,REDUZIEREN SHORT INTC,87.85,6230.18,2026-08-24 14:31 ET,87.89,0.02
2026-08-25,LEIHGEBÜHR NUE,245.05,6230.14,2026-08-25 09:43 ET,,-0.05
2026-08-25,LEIHGEBÜHR UAL,116.32,6230.09,2026-08-25 09:43 ET,,-0.05
2026-08-25,LEIHGEBÜHR INTC,89.49,6230.05,2026-08-25 09:43 ET,,-0.04
2026-08-25,LEIHGEBÜHR CRWD,191.48,6230.00,2026-08-25 09:43 ET,,-0.05
2026-08-25,LEIHGEBÜHR TER,370.67,6229.96,2026-08-25 09:43 ET,,-0.04
2026-08-25,LEIHGEBÜHR STLD,228.41,6229.92,2026-08-25 09:43 ET,,-0.04
2026-08-25,AUFSTOCKEN LONG MRNA,151.68,6074.67,2026-08-25 09:43 ET,151.76,0.08
2026-08-25,AUFSTOCKEN LONG COIN,179.10,5876.55,2026-08-25 09:43 ET,179.19,0.10
2026-08-25,AUFSTOCKEN SHORT TER,370.67,5981.85,2026-08-25 09:43 ET,370.48,0.05
2026-08-25,AUFSTOCKEN LONG MRK,152.63,5837.66,2026-08-25 09:43 ET,152.71,0.07
2026-08-25,AUFSTOCKEN LONG HOOD,106.17,5677.11,2026-08-25 09:43 ET,106.22,0.08
2026-08-25,AUFSTOCKEN SHORT CRWD,191.48,5755.56,2026-08-25 09:43 ET,191.38,0.04
2026-08-25,AUFSTOCKEN SHORT STLD,228.41,5844.65,2026-08-25 09:43 ET,228.30,0.04
2026-08-25,AUFSTOCKEN SHORT NUE,245.05,5930.59,2026-08-25 09:43 ET,244.93,0.04
2026-08-25,AUFSTOCKEN SHORT UAL,116.32,5996.54,2026-08-25 09:43 ET,116.27,0.03
2026-08-25,AUFSTOCKEN LONG NEM,130.80,5831.66,2026-08-25 09:43 ET,130.87,0.08
2026-08-25,EXIT LONG DVN,46.85,6572.62,2026-08-25 09:43 ET,46.83,0.37
2026-08-25,EXIT SHORT INTC,89.49,6210.55,2026-08-25 09:43 ET,89.53,0.18
2026-08-25,EXIT LONG MRVL,243.54,6957.93,2026-08-25 09:43 ET,243.42,0.37
2026-08-25,AUFSTOCKEN SHORT TER,368.45,7021.01,2026-08-25 11:36 ET,368.26,0.03
2026-08-25,AUFSTOCKEN SHORT NUE,246.04,7079.42,2026-08-25 11:36 ET,245.92,0.03
2026-08-25,AUFSTOCKEN LONG MRK,154.32,6968.84,2026-08-25 11:36 ET,154.39,0.06
2026-08-25,AUFSTOCKEN SHORT STLD,228.59,7028.76,2026-08-25 11:36 ET,228.48,0.03
2026-08-25,AUFSTOCKEN SHORT CRWD,187.96,7097.57,2026-08-25 11:36 ET,187.87,0.03
2026-08-25,EXIT SHORT UAL,114.69,6639.57,2026-08-25 11:36 ET,114.75,0.23
2026-08-26,LEIHGEBÜHR NUE,251.42,6639.51,2026-08-26 09:50 ET,,-0.06
2026-08-26,LEIHGEBÜHR CRWD,187.34,6639.45,2026-08-26 09:50 ET,,-0.06
2026-08-26,LEIHGEBÜHR TER,359.09,6639.38,2026-08-26 09:50 ET,,-0.06
2026-08-26,LEIHGEBÜHR STLD,235.31,6639.32,2026-08-26 09:50 ET,,-0.06
2026-08-26,EXIT SHORT TER,359.09,6127.71,2026-08-26 09:50 ET,359.27,0.26
2026-08-26,AUFSTOCKEN LONG COIN,184.80,5962.14,2026-08-26 09:50 ET,184.89,0.08
2026-08-26,AUFSTOCKEN LONG HOOD,110.44,5804.47,2026-08-26 09:50 ET,110.50,0.08
2026-08-26,AUFSTOCKEN LONG NEM,132.79,5623.52,2026-08-26 09:50 ET,132.86,0.09
2026-08-26,LONG MRVL,239.85,4499.34,2026-08-26 09:50 ET,239.97,0.56
2026-08-26,EXIT LONG MRNA,150.37,5418.54,2026-08-26 09:50 ET,150.29,0.46
2026-08-26,EXIT SHORT CRWD,187.34,4895.34,2026-08-26 09:50 ET,187.43,0.26
2026-08-26,SHORT WDC,463.33,5456.02,2026-08-26 10:38 ET,463.09,0.28
2026-08-26,EXIT LONG COIN,181.00,6554.89,2026-08-26 12:13 ET,180.91,0.55
2026-08-26,EXIT LONG HOOD,109.05,7662.66,2026-08-26 12:13 ET,109.00,0.55
2026-08-26,LONG MRNA,146.60,6542.96,2026-08-26 14:54 ET,146.68,0.56
2026-08-27,LEIHGEBÜHR NUE,252.37,6542.89,2026-08-27 18:43 ET,,-0.06
2026-08-27,LEIHGEBÜHR STLD,235.84,6542.83,2026-08-27 18:43 ET,,-0.06
2026-08-27,LEIHGEBÜHR WDC,462.00,6542.76,2026-08-27 18:43 ET,,-0.07
2026-08-28,LEIHGEBÜHR NUE,250.50,6542.70,2026-08-28 18:50 ET,,-0.06
2026-08-28,LEIHGEBÜHR STLD,234.66,6542.63,2026-08-28 18:50 ET,,-0.06
2026-08-28,LEIHGEBÜHR WDC,459.45,6542.57,2026-08-28 18:50 ET,,-0.07
2026-08-31,LEIHGEBÜHR NUE,248.88,6542.50,2026-08-31 15:20 ET,,-0.06
2026-08-31,LEIHGEBÜHR STLD,232.21,6542.44,2026-08-31 15:20 ET,,-0.06
2026-08-31,LEIHGEBÜHR WDC,448.32,6542.38,2026-08-31 15:20 ET,,-0.06
2026-08-31,LONG SLB,60.10,5457.52,2026-08-31 15:20 ET,60.14,0.54
2026-08-31,LONG GEN,31.11,4372.65,2026-08-31 15:20 ET,31.13,0.54
2026-08-31,EXIT LONG MRNA,136.73,5414.82,2026-08-31 15:20 ET,136.66,0.52
2026-08-31,EXIT LONG MRVL,210.87,6401.20,2026-08-31 15:20 ET,210.76,0.49
2026-08-31,EXIT SHORT WDC,448.32,5857.59,2026-08-31 15:20 ET,448.54,0.27
2026-08-31,EXIT SHORT (Haltedauer) NUE,248.88,5326.59,2026-08-31 15:20 ET,249.00,0.27
2026-08-31,EXIT SHORT (Haltedauer) STLD,232.21,4793.33,2026-08-31 15:20 ET,232.33,0.27
2026-08-31,EXIT LONG (Haltedauer) MRK,147.47,5794.64,2026-08-31 15:20 ET,147.40,0.50
2026-08-31,EXIT LONG (Haltedauer) NEM,125.63,6856.05,2026-08-31 15:20 ET,125.57,0.53
2026-09-01,LONG LITE,861.33,5780.02,2026-09-01 13:06 ET,861.76,0.54
2026-09-02,LONG HAL,37.40,4704.72,2026-09-02 12:57 ET,37.41,0.54
2026-09-02,LONG BG,123.51,3629.41,2026-09-02 12:57 ET,123.57,0.54
2026-09-02,EXIT LONG SLB,58.05,4675.09,2026-09-02 12:57 ET,58.02,0.52
